-- MariaDB dump 10.19  Distrib 10.4.32-MariaDB, for Win64 (AMD64)
--
-- Host: localhost    Database: ajou_library
-- ------------------------------------------------------
-- Server version	10.4.32-MariaDB

/*!40101 SET @OLD_CHARACTER_SET_CLIENT=@@CHARACTER_SET_CLIENT */;
/*!40101 SET @OLD_CHARACTER_SET_RESULTS=@@CHARACTER_SET_RESULTS */;
/*!40101 SET @OLD_COLLATION_CONNECTION=@@COLLATION_CONNECTION */;
/*!40101 SET NAMES utf8mb4 */;
/*!40103 SET @OLD_TIME_ZONE=@@TIME_ZONE */;
/*!40103 SET TIME_ZONE='+00:00' */;
/*!40014 SET @OLD_UNIQUE_CHECKS=@@UNIQUE_CHECKS, UNIQUE_CHECKS=0 */;
/*!40014 SET @OLD_FOREIGN_KEY_CHECKS=@@FOREIGN_KEY_CHECKS, FOREIGN_KEY_CHECKS=0 */;
/*!40101 SET @OLD_SQL_MODE=@@SQL_MODE, SQL_MODE='NO_AUTO_VALUE_ON_ZERO' */;
/*!40111 SET @OLD_SQL_NOTES=@@SQL_NOTES, SQL_NOTES=0 */;

--
-- Table structure for table `booklikes`
--

DROP TABLE IF EXISTS `booklikes`;
/*!40101 SET @saved_cs_client     = @@character_set_client */;
/*!40101 SET character_set_client = utf8 */;
CREATE TABLE `booklikes` (
  `like_id` int(11) NOT NULL AUTO_INCREMENT,
  `member_id` int(11) NOT NULL,
  `book_id` int(11) NOT NULL,
  `liked_at` timestamp NOT NULL DEFAULT current_timestamp(),
  PRIMARY KEY (`like_id`),
  UNIQUE KEY `unique_like` (`member_id`,`book_id`),
  KEY `idx_book_likes_member` (`member_id`),
  KEY `idx_book_likes_book` (`book_id`),
  CONSTRAINT `booklikes_ibfk_1` FOREIGN KEY (`member_id`) REFERENCES `members` (`member_id`) ON DELETE CASCADE,
  CONSTRAINT `booklikes_ibfk_2` FOREIGN KEY (`book_id`) REFERENCES `books` (`book_id`) ON DELETE CASCADE
) ENGINE=InnoDB AUTO_INCREMENT=2 DEFAULT CHARSET=utf8mb4 COLLATE=utf8mb4_general_ci;
/*!40101 SET character_set_client = @saved_cs_client */;

--
-- Dumping data for table `booklikes`
--

LOCK TABLES `booklikes` WRITE;
/*!40000 ALTER TABLE `booklikes` DISABLE KEYS */;
INSERT INTO `booklikes` VALUES (1,1,12,'2025-12-02 07:29:27');
/*!40000 ALTER TABLE `booklikes` ENABLE KEYS */;
UNLOCK TABLES;

--
-- Table structure for table `books`
--

DROP TABLE IF EXISTS `books`;
/*!40101 SET @saved_cs_client     = @@character_set_client */;
/*!40101 SET character_set_client = utf8 */;
CREATE TABLE `books` (
  `book_id` int(11) NOT NULL AUTO_INCREMENT,
  `isbn` varchar(20) DEFAULT NULL,
  `title` varchar(255) NOT NULL,
  `author` varchar(255) NOT NULL,
  `publisher` varchar(100) DEFAULT NULL,
  `publish_date` date DEFAULT NULL,
  `category` varchar(50) DEFAULT NULL,
  `keywords` text DEFAULT NULL,
  `description` text DEFAULT NULL,
  `total_copies` int(11) DEFAULT 1,
  `available_copies` int(11) DEFAULT 1,
  `location` varchar(100) DEFAULT NULL,
  `image_url` varchar(500) DEFAULT NULL,
  `created_at` timestamp NOT NULL DEFAULT current_timestamp(),
  `updated_at` timestamp NOT NULL DEFAULT current_timestamp() ON UPDATE current_timestamp(),
  PRIMARY KEY (`book_id`),
  UNIQUE KEY `isbn` (`isbn`),
  KEY `idx_title` (`title`),
  KEY `idx_author` (`author`),
  KEY `idx_category` (`category`),
  KEY `idx_isbn` (`isbn`)
) ENGINE=InnoDB AUTO_INCREMENT=101 DEFAULT CHARSET=utf8mb4 COLLATE=utf8mb4_unicode_ci;
/*!40101 SET character_set_client = @saved_cs_client */;

--
-- Dumping data for table `books`
--

LOCK TABLES `books` WRITE;
/*!40000 ALTER TABLE `books` DISABLE KEYS */;
INSERT INTO `books` VALUES (1,'9788966260959','클린 코드','로버트 C. 마틴','인사이트','2013-01-01','프로그래밍',NULL,NULL,3,3,'2층 종합자료실',NULL,'2025-11-29 00:40:36','2025-11-29 00:40:36'),(2,'9788966262281','이펙티브 자바','조슈아 블로크','인사이트','2018-01-01','프로그래밍',NULL,NULL,3,0,'2층 종합자료실',NULL,'2025-11-29 00:40:36','2025-12-02 03:59:34'),(3,'9791162242742','리팩토링','마틴 파울러','한빛미디어','2020-01-01','프로그래밍',NULL,NULL,3,1,'2층 종합자료실',NULL,'2025-11-29 00:40:36','2025-11-30 01:21:59'),(4,'9788994492032','자바의 정석','남궁성','도우출판','2022-01-01','프로그래밍',NULL,NULL,5,3,'2층 종합자료실',NULL,'2025-11-29 00:40:36','2025-11-29 00:43:35'),(5,'9791162242025','모던 자바 인 액션','라울-게이브리얼 우르마','한빛미디어','2019-01-01','프로그래밍',NULL,NULL,2,1,'2층 종합자료실',NULL,'2025-11-29 00:40:36','2025-11-29 00:43:35'),(6,'9791163030126','Do it! 자료구조와 함께 배우는 알고리즘','보노 시바타','이지스퍼블리싱','2018-01-01','프로그래밍',NULL,NULL,4,2,'2층 종합자료실',NULL,'2025-11-29 00:40:36','2025-11-29 00:40:36'),(7,'9788966263943','자바스크립트 완벽 가이드','데이비드 플래너건','인사이트','2022-01-01','프로그래밍',NULL,NULL,2,1,'2층 종합자료실',NULL,'2025-11-29 00:40:36','2025-11-29 00:40:36'),(8,'9791165213329','파이썬 코딩의 기술','브렛 슬라킨','길벗','2020-01-01','프로그래밍',NULL,NULL,3,2,'2층 종합자료실',NULL,'2025-11-29 00:40:36','2025-11-29 00:43:35'),(9,'9791189909178','파이썬 알고리즘 인터뷰','박상길','책만','2020-01-01','프로그래밍',NULL,NULL,4,3,'2층 종합자료실',NULL,'2025-11-29 00:40:36','2025-11-29 00:40:36'),(10,'9788966263080','코딩 인터뷰 완전 분석','게일 라크만 맥도웰','프로그래밍인사이트','2017-01-01','프로그래밍',NULL,NULL,3,1,'2층 종합자료실',NULL,'2025-11-29 00:40:36','2025-11-29 00:43:35'),(11,'9788992939997','GoF의 디자인 패턴','에릭 감마','프로텍미디어','2015-01-01','프로그래밍',NULL,NULL,2,1,'2층 종합자료실',NULL,'2025-11-29 00:40:36','2025-11-29 00:40:36'),(12,'9788998139766','객체지향의 사실과 오해','조영호','위키북스','2015-01-01','프로그래밍',NULL,NULL,3,3,'2층 종합자료실',NULL,'2025-11-29 00:40:36','2025-11-29 00:40:36'),(13,'9788966261031','실용주의 프로그래머','앤드류 헌트','인사이트','2014-01-01','프로그래밍',NULL,NULL,2,1,'2층 종합자료실',NULL,'2025-11-29 00:40:36','2025-11-29 00:40:36'),(14,'9788966262472','클린 아키텍처','로버트 C. 마틴','인사이트','2019-01-01','프로그래밍',NULL,NULL,4,4,'2층 종합자료실',NULL,'2025-11-29 00:40:36','2025-11-29 00:40:36'),(15,'9788960773431','토비의 스프링 3.1','이일민','에이콘출판','2012-01-01','프로그래밍',NULL,NULL,3,2,'2층 종합자료실',NULL,'2025-11-29 00:40:36','2025-11-29 00:40:36'),(16,'9788965402602','스프링 부트와 AWS로 혼자 구현하는 웹 서비스','이동욱','프리렉','2019-01-01','프로그래밍',NULL,NULL,5,3,'2층 종합자료실',NULL,'2025-11-29 00:40:36','2025-11-29 00:43:35'),(17,'9791160508239','Node.js 교과서','조현영','길벗','2020-01-01','프로그래밍',NULL,NULL,3,3,'2층 종합자료실',NULL,'2025-11-29 00:40:36','2025-11-29 00:40:36'),(18,'9791160508796','React를 다루는 기술','김민준','길벗','2019-01-01','프로그래밍',NULL,NULL,4,3,'2층 종합자료실',NULL,'2025-11-29 00:40:36','2025-11-29 00:40:36'),(19,'9788966263134','TypeScript 프로그래밍','보리스 체르니','인사이트','2021-01-01','프로그래밍',NULL,NULL,2,2,'2층 종합자료실',NULL,'2025-11-29 00:40:36','2025-11-29 00:40:36'),(20,'9791162241998','함수형 프로그래밍','루이스 아텐시오','한빛미디어','2019-01-01','프로그래밍',NULL,NULL,2,1,'2층 종합자료실',NULL,'2025-11-29 00:40:36','2025-11-29 00:40:36'),(21,'9788966261208','HTTP 완벽 가이드','데이빗 고울리','인사이트','2014-01-01','프로그래밍',NULL,NULL,3,1,'2층 종합자료실',NULL,'2025-11-29 00:40:36','2025-11-29 00:40:36'),(22,'9788931556742','네트워크 프로그래밍','윤성우','오렌지미디어','2018-01-01','프로그래밍',NULL,NULL,2,2,'2층 종합자료실',NULL,'2025-11-29 00:40:36','2025-11-29 00:40:36'),(23,'9781119320913','Operating System Concepts','Abraham Silberschatz','Wiley','2018-01-01','프로그래밍',NULL,NULL,3,0,'2층 종합자료실',NULL,'2025-11-29 00:40:36','2025-11-29 00:43:35'),(24,'9788960551848','컴퓨터 구조론','William Stallings','피어슨에듀케이션','2016-01-01','프로그래밍',NULL,NULL,2,0,'2층 종합자료실',NULL,'2025-11-29 00:40:36','2025-11-29 00:43:35'),(25,'9788966260546','알고리즘 문제 해결 전략','구종만','인사이트','2012-01-01','프로그래밍',NULL,NULL,4,2,'2층 종합자료실',NULL,'2025-11-29 00:40:36','2025-11-29 00:43:35'),(26,'9788960779846','웹 해킹 & 보안 완벽 가이드','조쉬 파울리','에이콘','2019-01-01','보안',NULL,NULL,2,2,'3층 참고자료실',NULL,'2025-11-29 00:40:36','2025-11-29 00:40:36'),(27,'9788979145861','리눅스 커널의 이해','다니엘 P. 보벳','한빛미디어','2007-01-01','프로그래밍',NULL,NULL,2,1,'2층 종합자료실',NULL,'2025-11-29 00:40:36','2025-11-29 00:40:36'),(28,'9791156644903','데이터베이스 개론','김연희','한빛아카데미','2020-01-01','데이터베이스',NULL,NULL,5,4,'2층 종합자료실',NULL,'2025-11-29 00:40:36','2025-11-29 00:40:36'),(29,'9791160508154','Git 교과서','이고잉','길벗','2019-01-01','프로그래밍',NULL,NULL,3,2,'2층 종합자료실',NULL,'2025-11-29 00:40:36','2025-11-29 00:43:35'),(30,'9788956742977','코드 컴플리트','스티브 맥코넬','정보문화사','2005-01-01','프로그래밍',NULL,NULL,2,0,'2층 종합자료실',NULL,'2025-11-29 00:40:36','2025-11-29 00:43:35'),(31,'9791158392246','파이썬 머신러닝 완벽 가이드','권철민','위키북스','2020-01-01','AI',NULL,NULL,4,3,'1층 신간자료실',NULL,'2025-11-29 00:40:36','2025-11-29 00:40:36'),(32,'9791162243053','딥러닝 첫걸음','세스 와이드먼','한빛미디어','2020-01-01','AI',NULL,NULL,3,1,'1층 신간자료실',NULL,'2025-11-29 00:40:36','2025-11-29 00:43:35'),(33,'9788968484636','밑바닥부터 시작하는 딥러닝','사이토 고키','한빛미디어','2017-01-01','AI',NULL,NULL,5,4,'1층 신간자료실',NULL,'2025-11-29 00:40:36','2025-11-29 00:40:36'),(34,'9791162241745','밑바닥부터 시작하는 딥러닝 2','사이토 고키','한빛미디어','2019-01-01','AI',NULL,NULL,4,1,'1층 신간자료실',NULL,'2025-11-29 00:40:36','2025-11-29 00:43:35'),(35,'9780262035613','Deep Learning','Ian Goodfellow','MIT Press','2016-01-01','AI',NULL,NULL,3,2,'3층 참고자료실',NULL,'2025-11-29 00:40:36','2025-11-29 00:40:36'),(36,'9791160507690','케라스 창시자에게 배우는 딥러닝','프랑소와 숄레','길벗','2018-01-01','AI',NULL,NULL,4,3,'1층 신간자료실',NULL,'2025-11-29 00:40:36','2025-11-29 00:40:36'),(37,'9791162242964','핸즈온 머신러닝','오렐리앙 제롱','한빛미디어','2020-01-01','AI',NULL,NULL,5,4,'1층 신간자료실',NULL,'2025-11-29 00:40:36','2025-11-29 00:40:36'),(38,'9791160507911','머신러닝 교과서','세바스찬 라시카','길벗','2019-01-01','AI',NULL,NULL,3,3,'1층 신간자료실',NULL,'2025-11-29 00:40:36','2025-11-29 00:40:36'),(39,'9791162243015','혼자 공부하는 머신러닝+딥러닝','박해선','한빛미디어','2020-01-01','AI',NULL,NULL,4,4,'1층 신간자료실',NULL,'2025-11-29 00:40:36','2025-11-29 00:40:36'),(40,'9791169210409','파이토치 트랜스포머를 활용한 자연어 처리','루이스 턴스톨','한빛미디어','2022-01-01','AI',NULL,NULL,2,2,'1층 신간자료실',NULL,'2025-11-29 00:40:36','2025-11-29 00:40:36'),(41,'9788960883079','자연어 처리 바이블','가레스 제임스','에이콘','2021-01-01','AI',NULL,NULL,2,1,'1층 신간자료실',NULL,'2025-11-29 00:40:36','2025-11-29 00:40:36'),(42,'9788960881587','강화학습','리처드 서튼','에이콘','2020-01-01','AI',NULL,NULL,3,1,'1층 신간자료실',NULL,'2025-11-29 00:40:36','2025-11-29 00:43:35'),(43,'9788960882829','컴퓨터 비전','리처드 셀리스키','에이콘','2021-01-01','AI',NULL,NULL,2,2,'1층 신간자료실',NULL,'2025-11-29 00:40:36','2025-11-29 00:40:36'),(44,'9791162244012','실전 시계열 분석','아일린 닐슨','한빛미디어','2021-01-01','AI',NULL,NULL,2,1,'1층 신간자료실',NULL,'2025-11-29 00:40:36','2025-11-29 00:40:36'),(45,'9788960882331','추천 시스템','김진석','에이콘','2021-01-01','AI',NULL,NULL,3,2,'1층 신간자료실',NULL,'2025-11-29 00:40:36','2025-11-29 00:40:36'),(46,'9791162242919','GAN 인 액션','야쿱 랭그르','한빛미디어','2020-01-01','AI',NULL,NULL,2,2,'1층 신간자료실',NULL,'2025-11-29 00:40:36','2025-11-29 00:40:36'),(47,'9791162241110','텐서플로로 하는 딥러닝','조르디 토레스','한빛미디어','2018-01-01','AI',NULL,NULL,3,2,'1층 신간자료실',NULL,'2025-11-29 00:40:36','2025-11-29 00:40:36'),(48,'9791162240472','scikit-learn과 TensorFlow를 활용한 머신러닝','오렐리앙 제롱','한빛미디어','2018-01-01','AI',NULL,NULL,3,3,'1층 신간자료실',NULL,'2025-11-29 00:40:36','2025-11-29 00:40:36'),(49,'9791158392697','PyTorch를 활용한 머신러닝, 딥러닝 철저 입문','유원준','위키북스','2021-01-01','AI',NULL,NULL,3,2,'1층 신간자료실',NULL,'2025-11-29 00:40:36','2025-11-29 00:40:36'),(50,'9791162241991','실전 예제로 배우는 GAN','야쿱 랭그르','한빛미디어','2019-01-01','AI',NULL,NULL,2,1,'1층 신간자료실',NULL,'2025-11-29 00:40:36','2025-11-29 00:40:36'),(51,'9788968483417','신경망 첫걸음','타리크 라시드','한빛미디어','2017-01-01','AI',NULL,NULL,3,3,'1층 신간자료실',NULL,'2025-11-29 00:40:36','2025-11-29 00:40:36'),(52,'9788960881068','통계적 학습의 이해','가레스 제임스','에이콘','2019-01-01','AI',NULL,NULL,2,2,'3층 참고자료실',NULL,'2025-11-29 00:40:36','2025-11-29 00:40:36'),(53,'9788960770157','패턴 인식','크리스토퍼 비숍','에이콘','2008-01-01','AI',NULL,NULL,2,0,'3층 참고자료실',NULL,'2025-11-29 00:40:36','2025-11-29 00:40:36'),(54,'9791162244272','머신 러닝 시스템 설계','알리 고지리','한빛미디어','2021-01-01','AI',NULL,NULL,3,2,'1층 신간자료실',NULL,'2025-11-29 00:40:36','2025-11-29 00:40:36'),(55,'9791158392017','파이썬과 케라스로 배우는 강화학습','이웅원','위키북스','2020-01-01','AI',NULL,NULL,3,3,'1층 신간자료실',NULL,'2025-11-29 00:40:36','2025-11-29 00:40:36'),(56,'9781260084504','데이터베이스 시스템','Abraham Silberschatz','McGraw-Hill','2019-01-01','데이터베이스',NULL,NULL,3,1,'2층 종합자료실',NULL,'2025-11-29 00:40:36','2025-11-29 00:43:35'),(57,'9788968482311','SQL 첫걸음','아사이 아츠시','한빛미디어','2015-01-01','데이터베이스',NULL,NULL,4,4,'2층 종합자료실',NULL,'2025-11-29 00:40:36','2025-11-29 00:40:36'),(58,'9791158392703','Real MySQL','이성욱','위키북스','2021-01-01','데이터베이스',NULL,NULL,4,3,'2층 종합자료실',NULL,'2025-11-29 00:40:36','2025-11-29 00:40:36'),(59,'9791162243046','MongoDB 완벽 가이드','크리스티나 초도로우','한빛미디어','2020-01-01','데이터베이스',NULL,NULL,3,2,'2층 종합자료실',NULL,'2025-11-29 00:40:36','2025-11-29 00:40:36'),(60,'9791158392390','PostgreSQL 업무 가이드','최용석','위키북스','2020-01-01','데이터베이스',NULL,NULL,2,2,'2층 종합자료실',NULL,'2025-11-29 00:40:36','2025-11-29 00:40:36'),(61,'9788992939560','오라클 성능 고도화 원리와 해법','조시형','비투엔컨설팅','2014-01-01','데이터베이스',NULL,NULL,2,0,'2층 종합자료실',NULL,'2025-11-29 00:40:36','2025-11-29 00:43:35'),(62,'9788968482779','NoSQL','댄 설리반','한빛미디어','2016-01-01','데이터베이스',NULL,NULL,3,2,'2층 종합자료실',NULL,'2025-11-29 00:40:36','2025-11-29 00:40:36'),(63,'9791162240199','빅데이터 분석을 위한 SQL','토마스 네일드','한빛미디어','2017-01-01','데이터베이스',NULL,NULL,3,3,'2층 종합자료실',NULL,'2025-11-29 00:40:36','2025-11-29 00:40:36'),(64,'9791158390983','데이터 중심 애플리케이션 설계','마틴 클레프만','위키북스','2018-01-01','데이터베이스',NULL,NULL,3,2,'2층 종합자료실',NULL,'2025-11-29 00:40:36','2025-11-29 00:40:36'),(65,'9791162242018','Redis 운영 관리','강대명','한빛미디어','2019-01-01','데이터베이스',NULL,NULL,2,2,'2층 종합자료실',NULL,'2025-11-29 00:40:36','2025-11-29 00:40:36'),(66,'9791158392284','Elasticsearch 실무 가이드','권택환','위키북스','2020-01-01','데이터베이스',NULL,NULL,3,2,'2층 종합자료실',NULL,'2025-11-29 00:40:36','2025-11-29 00:40:36'),(67,'9791162244005','카산드라 완벽 가이드','에벤 헤위트','한빛미디어','2021-01-01','데이터베이스',NULL,NULL,2,1,'2층 종합자료실',NULL,'2025-11-29 00:40:36','2025-11-29 00:40:36'),(68,'9788960881891','데이터베이스 인덱싱','타렉 엘-발리시','에이콘','2020-01-01','데이터베이스',NULL,NULL,2,2,'2층 종합자료실',NULL,'2025-11-29 00:40:36','2025-11-29 00:40:36'),(69,'9791162244661','SQL 레벨업','미크','한빛미디어','2021-01-01','데이터베이스',NULL,NULL,4,2,'2층 종합자료실',NULL,'2025-11-29 00:40:36','2025-11-29 00:40:36'),(70,'9791162241776','빅데이터 분석 기술','이일민','한빛미디어','2019-01-01','데이터베이스',NULL,NULL,2,2,'2층 종합자료실',NULL,'2025-11-29 00:40:36','2025-11-29 00:40:36'),(71,'9788968482557','해킹 입문자를 위한 TCP/IP 이론과 보안','박재유','한빛미디어','2015-01-01','보안',NULL,NULL,3,3,'3층 참고자료실',NULL,'2025-11-29 00:40:36','2025-11-29 00:40:36'),(72,'9788966260195','리버싱 핵심 원리','이승원','인사이트','2012-01-01','보안',NULL,NULL,3,1,'3층 참고자료실',NULL,'2025-11-29 00:40:36','2025-11-29 00:43:35'),(73,'9788960773974','악성코드 분석 입문','마이클 시코르스키','에이콘','2013-01-01','보안',NULL,NULL,2,2,'3층 참고자료실',NULL,'2025-11-29 00:40:36','2025-11-29 00:40:36'),(74,'9788960881822','실전 악성코드와 멀웨어 분석','마이클 루인','에이콘','2020-01-01','보안',NULL,NULL,2,1,'3층 참고자료실',NULL,'2025-11-29 00:40:36','2025-11-29 00:40:36'),(75,'9788960776937','침투 테스트','조지아 와이드먼','에이콘','2015-01-01','보안',NULL,NULL,2,2,'3층 참고자료실',NULL,'2025-11-29 00:40:36','2025-11-29 00:40:36'),(76,'9788960779841','웹 해킹 & 보안','조쉬 파울리','에이콘','2019-01-01','보안',NULL,NULL,3,1,'3층 참고자료실',NULL,'2025-11-29 00:40:36','2025-11-29 00:40:36'),(77,'9788960777125','실전 모의 해킹','피터 김','에이콘','2015-01-01','보안',NULL,NULL,2,1,'3층 참고자료실',NULL,'2025-11-29 00:40:36','2025-11-29 00:40:36'),(78,'9788960770362','암호학','더글라스 스틴슨','에이콘','2007-01-01','보안',NULL,NULL,2,1,'3층 참고자료실',NULL,'2025-11-29 00:40:36','2025-11-29 00:40:36'),(79,'9788960550827','네트워크 보안 에센셜','윌리엄 스톨링스','피어슨','2017-01-01','보안',NULL,NULL,2,2,'3층 참고자료실',NULL,'2025-11-29 00:40:36','2025-11-29 00:40:36'),(80,'9788960771062','해킹 공격의 예술','존 에릭슨','에이콘','2010-01-01','보안',NULL,NULL,2,1,'3층 참고자료실',NULL,'2025-11-29 00:40:36','2025-11-29 00:40:36'),(81,'9788964212578','소프트웨어 공학','로저 프레스먼','한티미디어','2015-01-01','소프트웨어공학',NULL,NULL,3,2,'2층 종합자료실',NULL,'2025-11-29 00:40:36','2025-11-29 00:40:36'),(82,'9788991268937','UML 실전에서는 이것만 쓴다','로버트 C. 마틴','인사이트','2010-01-01','소프트웨어공학',NULL,NULL,2,2,'2층 종합자료실',NULL,'2025-11-29 00:40:36','2025-11-29 00:40:36'),(83,'9791162242094','소프트웨어 아키텍처','닐 포드','한빛미디어','2019-01-01','소프트웨어공학',NULL,NULL,3,2,'2층 종합자료실',NULL,'2025-11-29 00:40:36','2025-11-29 00:40:36'),(84,'9788968482137','마이크로서비스 아키텍처','샘 뉴먼','한빛미디어','2015-01-01','소프트웨어공학',NULL,NULL,3,3,'2층 종합자료실',NULL,'2025-11-29 00:40:36','2025-11-29 00:40:36'),(85,'9788992939850','도메인 주도 설계','에릭 에반스','위키북스','2011-01-01','소프트웨어공학',NULL,NULL,2,1,'2층 종합자료실',NULL,'2025-11-29 00:40:36','2025-11-29 00:40:36'),(86,'9788966261024','테스트 주도 개발','켄트 벡','인사이트','2014-01-01','소프트웨어공학',NULL,NULL,3,1,'2층 종합자료실',NULL,'2025-11-29 00:40:36','2025-11-29 00:43:35'),(87,'9788960770867','레거시 코드 활용 전략','마이클 페더스','에이콘','2018-01-01','소프트웨어공학',NULL,NULL,2,1,'2층 종합자료실',NULL,'2025-11-29 00:40:36','2025-11-29 00:43:35'),(88,'9788991268951','애자일 소프트웨어 개발','로버트 C. 마틴','인사이트','2010-01-01','소프트웨어공학',NULL,NULL,2,1,'2층 종합자료실',NULL,'2025-11-29 00:40:36','2025-11-29 00:40:36'),(89,'9788966261030','피플웨어','톰 드마르코','인사이트','2014-01-01','소프트웨어공학',NULL,NULL,2,2,'2층 종합자료실',NULL,'2025-11-29 00:40:36','2025-11-29 00:40:36'),(90,'9788991268944','맨먼스 미신','프레더릭 브룩스','케이앤피북스','2015-01-01','소프트웨어공학',NULL,NULL,2,1,'2층 종합자료실',NULL,'2025-11-29 00:40:36','2025-11-29 00:40:36'),(91,'9788931450729','그림으로 배우는 네트워크 원리','Gene','영진닷컴','2015-01-01','네트워크',NULL,NULL,3,2,'2층 종합자료실',NULL,'2025-11-29 00:40:36','2025-11-29 00:43:35'),(92,'9788994506623','IT 인프라 구조','야마자키 야스시','제이펍','2015-01-01','인프라',NULL,NULL,2,1,'2층 종합자료실',NULL,'2025-11-29 00:40:36','2025-11-29 00:40:36'),(93,'9788960779952','DevOps 핸드북','진 킴','에이콘','2018-01-01','DevOps',NULL,NULL,3,1,'2층 종합자료실',NULL,'2025-11-29 00:40:36','2025-11-29 00:43:35'),(94,'9791158392307','쿠버네티스 입문','조훈','동양북스','2020-01-01','클라우드',NULL,NULL,4,3,'1층 신간자료실',NULL,'2025-11-29 00:40:36','2025-11-29 00:40:36'),(95,'9791160508230','Docker 교과서','엘튼 스톤맨','길벗','2020-01-01','컨테이너',NULL,NULL,3,3,'1층 신간자료실',NULL,'2025-11-29 00:40:36','2025-11-29 00:40:36'),(96,'9791162243091','클라우드 네이티브','코넬리아 데이비스','한빛미디어','2020-01-01','클라우드',NULL,NULL,2,2,'1층 신간자료실',NULL,'2025-11-29 00:40:36','2025-11-29 00:40:36'),(97,'9791158391744','AWS 인프라 구축 가이드','김원일','위키북스','2019-01-01','클라우드',NULL,NULL,4,3,'1층 신간자료실',NULL,'2025-11-29 00:40:36','2025-11-29 00:40:36'),(98,'9791162240892','사이트 신뢰성 엔지니어링','구글 SRE팀','한빛미디어','2018-01-01','DevOps',NULL,NULL,2,0,'2층 종합자료실',NULL,'2025-11-29 00:40:36','2025-11-29 00:43:35'),(99,'9791162243190','Terraform Up & Running','예브게니 브릭만','한빛미디어','2020-01-01','인프라',NULL,NULL,2,1,'2층 종합자료실',NULL,'2025-11-29 00:40:36','2025-11-29 00:40:36'),(100,'9788994774367','엔터프라이즈 애플리케이션 아키텍처 패턴','마틴 파울러','위키북스','2015-01-01','아키텍처',NULL,NULL,2,1,'2층 종합자료실',NULL,'2025-11-29 00:40:36','2025-11-29 00:43:35');
/*!40000 ALTER TABLE `books` ENABLE KEYS */;
UNLOCK TABLES;

--
-- Table structure for table `loans`
--

DROP TABLE IF EXISTS `loans`;
/*!40101 SET @saved_cs_client     = @@character_set_client */;
/*!40101 SET character_set_client = utf8 */;
CREATE TABLE `loans` (
  `loan_id` int(11) NOT NULL AUTO_INCREMENT,
  `member_id` int(11) NOT NULL,
  `book_id` int(11) NOT NULL,
  `loan_date` date NOT NULL DEFAULT curdate(),
  `due_date` date NOT NULL,
  `return_date` date DEFAULT NULL,
  `status` enum('borrowed','returned','overdue') DEFAULT 'borrowed',
  `renewal_count` int(11) DEFAULT 0,
  `fine_amount` decimal(10,2) DEFAULT 0.00,
  `created_at` timestamp NOT NULL DEFAULT current_timestamp(),
  `updated_at` timestamp NOT NULL DEFAULT current_timestamp() ON UPDATE current_timestamp(),
  PRIMARY KEY (`loan_id`),
  KEY `idx_member_id` (`member_id`),
  KEY `idx_book_id` (`book_id`),
  KEY `idx_status` (`status`),
  KEY `idx_due_date` (`due_date`),
  CONSTRAINT `loans_ibfk_1` FOREIGN KEY (`member_id`) REFERENCES `members` (`member_id`) ON DELETE CASCADE,
  CONSTRAINT `loans_ibfk_2` FOREIGN KEY (`book_id`) REFERENCES `books` (`book_id`) ON DELETE CASCADE
) ENGINE=InnoDB AUTO_INCREMENT=134 DEFAULT CHARSET=utf8mb4 COLLATE=utf8mb4_unicode_ci;
/*!40101 SET character_set_client = @saved_cs_client */;

--
-- Dumping data for table `loans`
--

LOCK TABLES `loans` WRITE;
/*!40000 ALTER TABLE `loans` DISABLE KEYS */;
INSERT INTO `loans` VALUES (1,5,60,'2025-09-24','2025-10-08','2025-10-07','returned',0,0.00,'2025-11-29 00:40:36','2025-11-29 00:40:36'),(2,34,3,'2025-10-31','2025-11-14',NULL,'overdue',0,0.00,'2025-11-29 00:40:36','2025-11-29 00:40:36'),(3,2,89,'2025-11-27','2025-12-11','2025-12-07','returned',0,0.00,'2025-11-29 00:40:36','2025-11-29 00:40:36'),(4,24,7,'2025-10-12','2025-10-26','2025-10-19','returned',0,0.00,'2025-11-29 00:40:36','2025-11-29 00:40:36'),(5,27,79,'2025-09-01','2025-09-15',NULL,'overdue',0,0.00,'2025-11-29 00:40:36','2025-11-29 00:40:36'),(6,40,75,'2025-10-01','2025-10-15','2025-10-15','returned',0,0.00,'2025-11-29 00:40:36','2025-11-29 00:40:36'),(7,46,3,'2025-08-31','2025-09-14',NULL,'overdue',0,0.00,'2025-11-29 00:40:36','2025-11-29 00:40:36'),(8,39,2,'2025-10-19','2025-11-02','2025-11-02','returned',0,0.00,'2025-11-29 00:40:36','2025-11-29 00:40:36'),(9,7,77,'2025-09-25','2025-10-09',NULL,'overdue',0,0.00,'2025-11-29 00:40:36','2025-11-29 00:40:36'),(10,8,50,'2025-09-16','2025-09-30','2025-09-23','returned',0,0.00,'2025-11-29 00:40:36','2025-11-29 00:40:36'),(11,33,33,'2025-09-02','2025-09-16',NULL,'overdue',0,0.00,'2025-11-29 00:40:36','2025-11-29 00:40:36'),(12,46,85,'2025-11-07','2025-11-21',NULL,'overdue',0,0.00,'2025-11-29 00:40:36','2025-11-29 00:40:36'),(13,1,11,'2025-11-25','2025-12-09',NULL,'borrowed',0,0.00,'2025-11-29 00:40:36','2025-11-29 00:40:36'),(14,49,21,'2025-11-21','2025-12-05',NULL,'borrowed',0,0.00,'2025-11-29 00:40:36','2025-11-29 00:40:36'),(15,56,14,'2025-10-10','2025-10-24',NULL,'overdue',0,0.00,'2025-11-29 00:40:36','2025-11-29 00:40:36'),(16,21,38,'2025-11-23','2025-12-07','2025-11-28','returned',0,0.00,'2025-11-29 00:40:36','2025-11-29 00:40:36'),(17,8,57,'2025-10-27','2025-11-10','2025-10-29','returned',0,0.00,'2025-11-29 00:40:36','2025-11-29 00:40:36'),(18,19,6,'2025-09-25','2025-10-09',NULL,'overdue',0,0.00,'2025-11-29 00:40:36','2025-11-29 00:40:36'),(19,30,39,'2025-10-21','2025-11-04','2025-10-24','returned',0,0.00,'2025-11-29 00:40:36','2025-11-29 00:40:36'),(20,44,65,'2025-11-02','2025-11-16',NULL,'overdue',0,0.00,'2025-11-29 00:40:36','2025-11-29 00:40:36'),(21,23,57,'2025-10-08','2025-10-22','2025-10-16','returned',0,0.00,'2025-11-29 00:40:36','2025-11-29 00:40:36'),(22,18,34,'2025-11-23','2025-12-07',NULL,'borrowed',0,0.00,'2025-11-29 00:40:36','2025-11-29 00:40:36'),(23,41,8,'2025-10-18','2025-11-01','2025-11-01','returned',0,0.00,'2025-11-29 00:40:36','2025-11-29 00:40:36'),(24,60,49,'2025-10-21','2025-11-04',NULL,'overdue',0,0.00,'2025-11-29 00:40:36','2025-11-29 00:40:36'),(25,58,42,'2025-10-10','2025-10-24','2025-10-23','returned',0,0.00,'2025-11-29 00:40:36','2025-11-29 00:40:36'),(26,15,76,'2025-11-18','2025-12-02',NULL,'borrowed',0,0.00,'2025-11-29 00:40:36','2025-11-29 00:40:36'),(27,16,83,'2025-09-20','2025-10-04','2025-10-04','returned',0,0.00,'2025-11-29 00:40:36','2025-11-29 00:40:36'),(28,25,57,'2025-10-16','2025-10-30',NULL,'overdue',0,0.00,'2025-11-29 00:40:36','2025-11-29 00:40:36'),(29,38,48,'2025-10-05','2025-10-19',NULL,'overdue',0,0.00,'2025-11-29 00:40:36','2025-11-29 00:40:36'),(30,52,39,'2025-09-10','2025-09-24','2025-09-20','returned',0,0.00,'2025-11-29 00:40:36','2025-11-29 00:40:36'),(31,18,77,'2025-10-14','2025-10-28',NULL,'overdue',0,0.00,'2025-11-29 00:40:36','2025-11-29 00:40:36'),(32,58,97,'2025-11-09','2025-11-23','2025-11-20','returned',0,0.00,'2025-11-29 00:40:36','2025-11-29 00:40:36'),(33,16,83,'2025-10-17','2025-10-31',NULL,'overdue',0,0.00,'2025-11-29 00:40:36','2025-11-29 00:40:36'),(34,6,34,'2025-10-18','2025-11-01',NULL,'overdue',0,0.00,'2025-11-29 00:40:36','2025-11-29 00:40:36'),(35,56,27,'2025-10-29','2025-11-12',NULL,'overdue',0,0.00,'2025-11-29 00:40:36','2025-11-29 00:40:36'),(36,47,10,'2025-09-28','2025-10-12','2025-10-04','returned',0,0.00,'2025-11-29 00:40:36','2025-11-29 00:40:36'),(37,35,68,'2025-09-08','2025-09-22',NULL,'overdue',0,0.00,'2025-11-29 00:40:36','2025-11-29 00:40:36'),(38,60,97,'2025-10-26','2025-11-09',NULL,'overdue',0,0.00,'2025-11-29 00:40:36','2025-11-29 00:40:36'),(39,52,21,'2025-10-01','2025-10-15',NULL,'overdue',0,0.00,'2025-11-29 00:40:36','2025-11-29 00:40:36'),(40,51,31,'2025-09-21','2025-10-05','2025-09-30','returned',0,0.00,'2025-11-29 00:40:36','2025-11-29 00:40:36'),(41,49,6,'2025-11-18','2025-12-02',NULL,'borrowed',0,0.00,'2025-11-29 00:40:36','2025-11-29 00:40:36'),(42,45,100,'2025-10-30','2025-11-13','2025-11-03','returned',0,0.00,'2025-11-29 00:40:36','2025-11-29 00:40:36'),(43,15,15,'2025-10-09','2025-10-23','2025-10-23','returned',0,0.00,'2025-11-29 00:40:36','2025-11-29 00:40:36'),(44,29,21,'2025-11-04','2025-11-18','2025-11-16','returned',0,0.00,'2025-11-29 00:40:36','2025-11-29 00:40:36'),(45,47,48,'2025-09-25','2025-10-09','2025-10-09','returned',0,0.00,'2025-11-29 00:40:36','2025-11-29 00:40:36'),(46,46,52,'2025-09-18','2025-10-02','2025-09-26','returned',0,0.00,'2025-11-29 00:40:36','2025-11-29 00:40:36'),(47,51,71,'2025-10-05','2025-10-19','2025-10-19','returned',0,0.00,'2025-11-29 00:40:36','2025-11-29 00:40:36'),(48,58,97,'2025-09-16','2025-09-30',NULL,'overdue',0,0.00,'2025-11-29 00:40:36','2025-11-29 00:40:36'),(49,43,92,'2025-10-02','2025-10-16','2025-10-12','returned',0,0.00,'2025-11-29 00:40:36','2025-11-29 00:40:36'),(50,21,95,'2025-09-03','2025-09-17','2025-09-11','returned',0,0.00,'2025-11-29 00:40:36','2025-11-29 00:40:36'),(51,11,87,'2025-10-14','2025-10-28',NULL,'overdue',0,0.00,'2025-11-29 00:40:36','2025-11-29 00:40:36'),(52,7,48,'2025-09-03','2025-09-17',NULL,'overdue',0,0.00,'2025-11-29 00:40:36','2025-11-29 00:40:36'),(53,46,53,'2025-11-20','2025-12-04',NULL,'borrowed',0,0.00,'2025-11-29 00:40:36','2025-11-29 00:40:36'),(54,23,28,'2025-10-15','2025-10-29',NULL,'overdue',0,0.00,'2025-11-29 00:40:36','2025-11-29 00:40:36'),(55,46,23,'2025-11-16','2025-11-30',NULL,'borrowed',0,0.00,'2025-11-29 00:40:36','2025-11-29 00:40:36'),(56,41,72,'2025-10-12','2025-10-26',NULL,'overdue',0,0.00,'2025-11-29 00:40:36','2025-11-29 00:40:36'),(57,51,73,'2025-11-14','2025-11-28',NULL,'overdue',0,0.00,'2025-11-29 00:40:36','2025-11-29 00:40:36'),(58,24,46,'2025-09-14','2025-09-28','2025-09-22','returned',0,0.00,'2025-11-29 00:40:36','2025-11-29 00:40:36'),(59,51,79,'2025-09-24','2025-10-08','2025-09-30','returned',0,0.00,'2025-11-29 00:40:36','2025-11-29 00:40:36'),(60,50,67,'2025-09-06','2025-09-20','2025-09-20','returned',0,0.00,'2025-11-29 00:40:36','2025-11-29 00:40:36'),(61,60,3,'2025-11-14','2025-11-28',NULL,'overdue',0,0.00,'2025-11-29 00:40:36','2025-11-29 00:40:36'),(62,58,61,'2025-09-20','2025-10-04','2025-10-01','returned',0,0.00,'2025-11-29 00:40:36','2025-11-29 00:40:36'),(63,40,24,'2025-09-12','2025-09-26','2025-09-20','returned',0,0.00,'2025-11-29 00:40:36','2025-11-29 00:40:36'),(64,56,19,'2025-11-15','2025-11-29','2025-11-17','returned',0,0.00,'2025-11-29 00:40:36','2025-11-29 00:40:36'),(65,57,68,'2025-09-08','2025-09-22','2025-09-11','returned',0,0.00,'2025-11-29 00:40:36','2025-11-29 00:40:36'),(66,46,66,'2025-11-01','2025-11-15',NULL,'overdue',0,0.00,'2025-11-29 00:40:36','2025-11-29 00:40:36'),(67,7,9,'2025-09-01','2025-09-15',NULL,'overdue',0,0.00,'2025-11-29 00:40:36','2025-11-29 00:40:36'),(68,14,69,'2025-09-18','2025-10-02','2025-09-30','returned',0,0.00,'2025-11-29 00:40:36','2025-11-29 00:40:36'),(69,58,12,'2025-09-10','2025-09-24','2025-09-15','returned',0,0.00,'2025-11-29 00:40:36','2025-11-29 00:40:36'),(70,4,10,'2025-09-29','2025-10-13','2025-10-10','returned',0,0.00,'2025-11-29 00:40:36','2025-11-29 00:40:36'),(71,47,68,'2025-10-17','2025-10-31','2025-10-23','returned',0,0.00,'2025-11-29 00:40:36','2025-11-29 00:40:36'),(72,40,29,'2025-10-01','2025-10-15','2025-10-10','returned',0,0.00,'2025-11-29 00:40:36','2025-11-29 00:40:36'),(73,25,63,'2025-09-29','2025-10-13','2025-10-02','returned',0,0.00,'2025-11-29 00:40:36','2025-11-29 00:40:36'),(74,39,62,'2025-11-04','2025-11-18',NULL,'overdue',0,0.00,'2025-11-29 00:40:36','2025-11-29 00:40:36'),(75,60,61,'2025-10-10','2025-10-24',NULL,'overdue',0,0.00,'2025-11-29 00:40:36','2025-11-29 00:40:36'),(76,9,92,'2025-11-27','2025-12-11',NULL,'borrowed',0,0.00,'2025-11-29 00:40:36','2025-11-29 00:40:36'),(77,10,77,'2025-09-23','2025-10-07',NULL,'overdue',0,0.00,'2025-11-29 00:40:36','2025-11-29 00:40:36'),(78,56,69,'2025-11-16','2025-11-30',NULL,'borrowed',0,0.00,'2025-11-29 00:40:36','2025-11-29 00:40:36'),(79,6,37,'2025-10-16','2025-10-30','2025-10-24','returned',0,0.00,'2025-11-29 00:40:36','2025-11-29 00:40:36'),(80,25,87,'2025-10-10','2025-10-24','2025-10-24','returned',0,0.00,'2025-11-29 00:40:36','2025-11-29 00:40:36'),(81,10,56,'2025-10-31','2025-09-20','2025-09-14','borrowed',0,0.00,'2025-11-29 00:43:35','2025-11-29 00:43:35'),(82,31,95,'2025-11-11','2025-11-28',NULL,'returned',0,0.00,'2025-11-29 00:43:35','2025-11-29 00:43:35'),(83,50,98,'2025-10-22','2025-11-27','2025-10-07','borrowed',0,0.00,'2025-11-29 00:43:35','2025-11-29 00:43:35'),(84,9,55,'2025-11-02','2025-09-24','2025-11-15','returned',0,0.00,'2025-11-29 00:43:35','2025-11-29 00:43:35'),(85,21,91,'2025-10-19','2025-10-19','2025-10-20','borrowed',0,0.00,'2025-11-29 00:43:35','2025-11-29 00:43:35'),(86,6,26,'2025-11-28','2025-11-16',NULL,'returned',0,0.00,'2025-11-29 00:43:35','2025-11-29 00:43:35'),(87,19,86,'2025-10-28','2025-11-22',NULL,'returned',0,0.00,'2025-11-29 00:43:35','2025-11-29 00:43:35'),(88,42,9,'2025-11-01','2025-11-14','2025-10-18','returned',0,0.00,'2025-11-29 00:43:35','2025-11-29 00:43:35'),(89,57,30,'2025-10-04','2025-11-19',NULL,'returned',0,0.00,'2025-11-29 00:43:35','2025-11-29 00:43:35'),(90,16,72,'2025-09-21','2025-10-11',NULL,'borrowed',0,0.00,'2025-11-29 00:43:35','2025-11-29 00:43:35'),(91,42,18,'2025-09-16','2025-10-20','2025-09-21','returned',0,0.00,'2025-11-29 00:43:35','2025-11-29 00:43:35'),(92,1,12,'2025-10-11','2025-11-07',NULL,'returned',0,0.00,'2025-11-29 00:43:35','2025-11-29 00:43:35'),(93,40,98,'2025-09-11','2025-10-30','2025-09-26','borrowed',0,0.00,'2025-11-29 00:43:35','2025-11-29 00:43:35'),(94,7,42,'2025-09-21','2025-10-22','2025-11-11','borrowed',0,0.00,'2025-11-29 00:43:35','2025-11-29 00:43:35'),(95,45,93,'2025-10-23','2025-11-18',NULL,'borrowed',0,0.00,'2025-11-29 00:43:35','2025-11-29 00:43:35'),(96,32,61,'2025-10-20','2025-11-04','2025-09-26','borrowed',0,0.00,'2025-11-29 00:43:35','2025-11-29 00:43:35'),(97,35,51,'2025-09-19','2025-11-02','2025-11-30','returned',0,0.00,'2025-11-29 00:43:35','2025-11-29 00:43:35'),(98,49,34,'2025-11-07','2025-11-21','2025-09-24','returned',0,0.00,'2025-11-29 00:43:35','2025-11-29 00:43:35'),(99,19,73,'2025-09-30','2025-11-24',NULL,'returned',0,0.00,'2025-11-29 00:43:35','2025-11-29 00:43:35'),(100,57,86,'2025-10-22','2025-10-21','2025-10-05','borrowed',0,0.00,'2025-11-29 00:43:35','2025-11-29 00:43:35'),(101,35,86,'2025-10-08','2025-11-16','2025-11-19','borrowed',0,0.00,'2025-11-29 00:43:35','2025-11-29 00:43:35'),(102,46,69,'2025-11-18','2025-10-24',NULL,'returned',0,0.00,'2025-11-29 00:43:35','2025-11-29 00:43:35'),(103,32,87,'2025-09-22','2025-11-23','2025-10-29','borrowed',0,0.00,'2025-11-29 00:43:35','2025-11-29 00:43:35'),(104,13,78,'2025-11-10','2025-10-05',NULL,'returned',0,0.00,'2025-11-29 00:43:35','2025-11-29 00:43:35'),(105,19,14,'2025-09-22','2025-11-05','2025-09-25','returned',0,0.00,'2025-11-29 00:43:35','2025-11-29 00:43:35'),(106,42,29,'2025-10-27','2025-09-16','2025-11-21','borrowed',0,0.00,'2025-11-29 00:43:35','2025-11-29 00:43:35'),(107,29,24,'2025-09-25','2025-09-18','2025-11-30','borrowed',0,0.00,'2025-11-29 00:43:35','2025-11-29 00:43:35'),(108,57,8,'2025-10-11','2025-10-27','2025-11-10','borrowed',0,0.00,'2025-11-29 00:43:35','2025-11-29 00:43:35'),(109,36,5,'2025-10-22','2025-12-13','2025-10-16','borrowed',0,0.00,'2025-11-29 00:43:35','2025-11-29 00:43:35'),(110,19,40,'2025-11-27','2025-09-20','2025-11-13','returned',0,0.00,'2025-11-29 00:43:35','2025-11-29 00:43:35'),(111,12,54,'2025-11-23','2025-10-05','2025-09-17','returned',0,0.00,'2025-11-29 00:43:35','2025-11-29 00:43:35'),(112,22,18,'2025-09-16','2025-10-20','2025-12-03','returned',0,0.00,'2025-11-29 00:43:35','2025-11-29 00:43:35'),(113,20,60,'2025-11-26','2025-11-10','2025-09-29','returned',0,0.00,'2025-11-29 00:43:35','2025-11-29 00:43:35'),(114,1,16,'2025-09-22','2025-11-11','2025-10-12','borrowed',0,0.00,'2025-11-29 00:43:35','2025-11-29 00:43:35'),(115,4,30,'2025-11-02','2025-10-18',NULL,'borrowed',0,0.00,'2025-11-29 00:43:35','2025-11-29 00:43:35'),(116,35,10,'2025-09-19','2025-10-16','2025-10-29','borrowed',0,0.00,'2025-11-29 00:43:35','2025-11-29 00:43:35'),(117,41,34,'2025-10-02','2025-11-19',NULL,'borrowed',0,0.00,'2025-11-29 00:43:35','2025-11-29 00:43:35'),(118,57,1,'2025-11-11','2025-09-16',NULL,'returned',0,0.00,'2025-11-29 00:43:35','2025-11-29 00:43:35'),(119,15,28,'2025-09-29','2025-10-24','2025-11-20','returned',0,0.00,'2025-11-29 00:43:35','2025-11-29 00:43:35'),(120,57,100,'2025-11-16','2025-10-07',NULL,'borrowed',0,0.00,'2025-11-29 00:43:35','2025-11-29 00:43:35'),(121,48,88,'2025-11-28','2025-11-02',NULL,'returned',0,0.00,'2025-11-29 00:43:35','2025-11-29 00:43:35'),(122,21,25,'2025-11-08','2025-11-02','2025-10-26','borrowed',0,0.00,'2025-11-29 00:43:35','2025-11-29 00:43:35'),(123,14,23,'2025-10-18','2025-10-16','2025-10-29','borrowed',0,0.00,'2025-11-29 00:43:35','2025-11-29 00:43:35'),(124,30,100,'2025-10-19','2025-11-13',NULL,'returned',0,0.00,'2025-11-29 00:43:35','2025-11-29 00:43:35'),(125,44,4,'2025-09-01','2025-09-27',NULL,'borrowed',0,0.00,'2025-11-29 00:43:35','2025-11-29 00:43:35'),(126,43,11,'2025-10-25','2025-10-14',NULL,'returned',0,0.00,'2025-11-29 00:43:35','2025-11-29 00:43:35'),(127,33,32,'2025-09-08','2025-10-17',NULL,'borrowed',0,0.00,'2025-11-29 00:43:35','2025-11-29 00:43:35'),(128,36,75,'2025-09-05','2025-10-28','2025-11-20','returned',0,0.00,'2025-11-29 00:43:35','2025-11-29 00:43:35'),(129,7,25,'2025-09-08','2025-09-29',NULL,'returned',0,0.00,'2025-11-29 00:43:35','2025-11-29 00:43:35'),(130,7,47,'2025-11-27','2025-10-09','2025-10-13','returned',0,0.00,'2025-11-29 00:43:35','2025-11-29 00:43:35'),(131,1,2,'2025-11-30','2025-12-28','2025-11-30','returned',1,0.00,'2025-11-30 01:16:42','2025-11-30 02:09:51'),(132,1,3,'2025-11-30','2025-12-14',NULL,'borrowed',0,0.00,'2025-11-30 01:21:59','2025-11-30 01:21:59'),(133,1,2,'2025-12-02','2025-12-16',NULL,'borrowed',0,0.00,'2025-12-02 03:59:33','2025-12-02 03:59:33');
/*!40000 ALTER TABLE `loans` ENABLE KEYS */;
UNLOCK TABLES;
/*!50003 SET @saved_cs_client      = @@character_set_client */ ;
/*!50003 SET @saved_cs_results     = @@character_set_results */ ;
/*!50003 SET @saved_col_connection = @@collation_connection */ ;
/*!50003 SET character_set_client  = utf8mb4 */ ;
/*!50003 SET character_set_results = utf8mb4 */ ;
/*!50003 SET collation_connection  = utf8mb4_unicode_ci */ ;
/*!50003 SET @saved_sql_mode       = @@sql_mode */ ;
/*!50003 SET sql_mode              = 'NO_AUTO_VALUE_ON_ZERO' */ ;
DELIMITER ;;
/*!50003 CREATE*/ /*!50017 DEFINER=`root`@`localhost`*/ /*!50003 TRIGGER after_loan_insert
AFTER INSERT ON Loans
FOR EACH ROW
BEGIN
    IF NEW.status = 'borrowed' THEN
        UPDATE Books 
        SET available_copies = available_copies - 1
        WHERE book_id = NEW.book_id;
    END IF;
END */;;
DELIMITER ;
/*!50003 SET sql_mode              = @saved_sql_mode */ ;
/*!50003 SET character_set_client  = @saved_cs_client */ ;
/*!50003 SET character_set_results = @saved_cs_results */ ;
/*!50003 SET collation_connection  = @saved_col_connection */ ;
/*!50003 SET @saved_cs_client      = @@character_set_client */ ;
/*!50003 SET @saved_cs_results     = @@character_set_results */ ;
/*!50003 SET @saved_col_connection = @@collation_connection */ ;
/*!50003 SET character_set_client  = utf8mb4 */ ;
/*!50003 SET character_set_results = utf8mb4 */ ;
/*!50003 SET collation_connection  = utf8mb4_unicode_ci */ ;
/*!50003 SET @saved_sql_mode       = @@sql_mode */ ;
/*!50003 SET sql_mode              = 'NO_AUTO_VALUE_ON_ZERO' */ ;
DELIMITER ;;
/*!50003 CREATE*/ /*!50017 DEFINER=`root`@`localhost`*/ /*!50003 TRIGGER after_loan_update
AFTER UPDATE ON Loans
FOR EACH ROW
BEGIN
    IF OLD.status = 'borrowed' AND NEW.status = 'returned' THEN
        UPDATE Books 
        SET available_copies = available_copies + 1
        WHERE book_id = NEW.book_id;
    END IF;
END */;;
DELIMITER ;
/*!50003 SET sql_mode              = @saved_sql_mode */ ;
/*!50003 SET character_set_client  = @saved_cs_client */ ;
/*!50003 SET character_set_results = @saved_cs_results */ ;
/*!50003 SET collation_connection  = @saved_col_connection */ ;

--
-- Table structure for table `members`
--

DROP TABLE IF EXISTS `members`;
/*!40101 SET @saved_cs_client     = @@character_set_client */;
/*!40101 SET character_set_client = utf8 */;
CREATE TABLE `members` (
  `member_id` int(11) NOT NULL AUTO_INCREMENT,
  `student_id` varchar(20) NOT NULL,
  `name` varchar(100) NOT NULL,
  `email` varchar(100) NOT NULL,
  `phone` varchar(20) DEFAULT NULL,
  `department` varchar(100) DEFAULT NULL,
  `grade` int(11) DEFAULT NULL,
  `interests` text DEFAULT NULL,
  `password_hash` varchar(255) NOT NULL,
  `join_date` date DEFAULT curdate(),
  `status` enum('active','suspended','inactive') DEFAULT 'active',
  `created_at` timestamp NOT NULL DEFAULT current_timestamp(),
  `updated_at` timestamp NOT NULL DEFAULT current_timestamp() ON UPDATE current_timestamp(),
  PRIMARY KEY (`member_id`),
  UNIQUE KEY `student_id` (`student_id`),
  UNIQUE KEY `email` (`email`),
  KEY `idx_student_id` (`student_id`),
  KEY `idx_email` (`email`)
) ENGINE=InnoDB AUTO_INCREMENT=62 DEFAULT CHARSET=utf8mb4 COLLATE=utf8mb4_unicode_ci;
/*!40101 SET character_set_client = @saved_cs_client */;

--
-- Dumping data for table `members`
--

LOCK TABLES `members` WRITE;
/*!40000 ALTER TABLE `members` DISABLE KEYS */;
INSERT INTO `members` VALUES (1,'202493433','김민준','202493433@ajou.ac.kr','010-4880-1748','전자공학과',2,NULL,'hashed_password_placeholder','2025-11-29','active','2025-11-29 00:40:36','2025-11-29 00:40:36'),(2,'202437001','김서윤','202437001@ajou.ac.kr','010-2340-8838','컴퓨터공학과',2,NULL,'hashed_password_placeholder','2025-11-29','active','2025-11-29 00:40:36','2025-11-29 00:40:36'),(3,'202488197','이서준','202488197@ajou.ac.kr','010-9075-3423','기계공학과',1,NULL,'hashed_password_placeholder','2025-11-29','active','2025-11-29 00:40:36','2025-11-29 00:40:36'),(4,'202426131','이지우','202426131@ajou.ac.kr','010-9984-1714','기계공학과',1,NULL,'hashed_password_placeholder','2025-11-29','active','2025-11-29 00:40:36','2025-11-29 00:40:36'),(5,'202474034','박도윤','202474034@ajou.ac.kr','010-6742-9008','경제학과',3,NULL,'hashed_password_placeholder','2025-11-29','active','2025-11-29 00:40:36','2025-11-29 00:40:36'),(6,'202443634','박서연','202443634@ajou.ac.kr','010-7845-9371','경영학과',2,NULL,'hashed_password_placeholder','2025-11-29','active','2025-11-29 00:40:36','2025-11-29 00:40:36'),(7,'202461211','최하준','202461211@ajou.ac.kr','010-8376-1684','경제학과',4,NULL,'hashed_password_placeholder','2025-11-29','active','2025-11-29 00:40:36','2025-11-29 00:40:36'),(8,'202433959','최지아','202433959@ajou.ac.kr','010-2145-6886','전자공학과',4,NULL,'hashed_password_placeholder','2025-11-29','active','2025-11-29 00:40:36','2025-11-29 00:40:36'),(9,'202427738','정예준','202427738@ajou.ac.kr','010-7175-1132','경영학과',2,NULL,'hashed_password_placeholder','2025-11-29','active','2025-11-29 00:40:36','2025-11-29 00:40:36'),(10,'202425686','정수아','202425686@ajou.ac.kr','010-5925-1340','전자공학과',3,NULL,'hashed_password_placeholder','2025-11-29','active','2025-11-29 00:40:36','2025-11-29 00:40:36'),(11,'202490526','강시우','202490526@ajou.ac.kr','010-7941-9328','경제학과',4,NULL,'hashed_password_placeholder','2025-11-29','active','2025-11-29 00:40:36','2025-11-29 00:40:36'),(12,'202453502','강은서','202453502@ajou.ac.kr','010-1646-2339','기계공학과',3,NULL,'hashed_password_placeholder','2025-11-29','active','2025-11-29 00:40:36','2025-11-29 00:40:36'),(13,'202431901','조서진','202431901@ajou.ac.kr','010-4831-9970','컴퓨터공학과',4,NULL,'hashed_password_placeholder','2025-11-29','active','2025-11-29 00:40:36','2025-11-29 00:40:36'),(14,'202415372','조채원','202415372@ajou.ac.kr','010-8094-4483','경제학과',1,NULL,'hashed_password_placeholder','2025-11-29','active','2025-11-29 00:40:36','2025-11-29 00:40:36'),(15,'202487255','윤지호','202487255@ajou.ac.kr','010-4069-1778','경영학과',1,NULL,'hashed_password_placeholder','2025-11-29','active','2025-11-29 00:40:36','2025-11-29 00:40:36'),(16,'202461657','윤지유','202461657@ajou.ac.kr','010-1188-7015','컴퓨터공학과',1,NULL,'hashed_password_placeholder','2025-11-29','active','2025-11-29 00:40:36','2025-11-29 00:40:36'),(17,'202480705','장준서','202480705@ajou.ac.kr','010-9707-1669','경제학과',2,NULL,'hashed_password_placeholder','2025-11-29','active','2025-11-29 00:40:36','2025-11-29 00:40:36'),(18,'202424322','장서현','202424322@ajou.ac.kr','010-1554-8626','경제학과',3,NULL,'hashed_password_placeholder','2025-11-29','active','2025-11-29 00:40:36','2025-11-29 00:40:36'),(19,'202442456','임지후','202442456@ajou.ac.kr','010-4228-7580','경제학과',4,NULL,'hashed_password_placeholder','2025-11-29','active','2025-11-29 00:40:36','2025-11-29 00:40:36'),(20,'202449719','임수빈','202449719@ajou.ac.kr','010-4740-9235','전자공학과',1,NULL,'hashed_password_placeholder','2025-11-29','active','2025-11-29 00:40:36','2025-11-29 00:40:36'),(21,'202432437','한서우','202432437@ajou.ac.kr','010-8666-5713','전자공학과',3,NULL,'hashed_password_placeholder','2025-11-29','active','2025-11-29 00:40:36','2025-11-29 00:40:36'),(22,'202480497','한채은','202480497@ajou.ac.kr','010-2421-5537','경영학과',4,NULL,'hashed_password_placeholder','2025-11-29','active','2025-11-29 00:40:36','2025-11-29 00:40:36'),(23,'202459894','오민재','202459894@ajou.ac.kr','010-5746-9827','경영학과',3,NULL,'hashed_password_placeholder','2025-11-29','active','2025-11-29 00:40:36','2025-11-29 00:40:36'),(24,'202496564','오지민','202496564@ajou.ac.kr','010-6335-7629','경영학과',4,NULL,'hashed_password_placeholder','2025-11-29','active','2025-11-29 00:40:36','2025-11-29 00:40:36'),(25,'202485513','신도훈','202485513@ajou.ac.kr','010-5785-1947','기계공학과',4,NULL,'hashed_password_placeholder','2025-11-29','active','2025-11-29 00:40:36','2025-11-29 00:40:36'),(26,'202483717','신지안','202483717@ajou.ac.kr','010-5730-1163','경제학과',4,NULL,'hashed_password_placeholder','2025-11-29','active','2025-11-29 00:40:36','2025-11-29 00:40:36'),(27,'202441423','권지훈','202441423@ajou.ac.kr','010-9907-4046','컴퓨터공학과',2,NULL,'hashed_password_placeholder','2025-11-29','active','2025-11-29 00:40:36','2025-11-29 00:40:36'),(28,'202463543','권서영','202463543@ajou.ac.kr','010-9936-7776','전자공학과',1,NULL,'hashed_password_placeholder','2025-11-29','active','2025-11-29 00:40:36','2025-11-29 00:40:36'),(29,'202480880','황현우','202480880@ajou.ac.kr','010-5093-2923','컴퓨터공학과',4,NULL,'hashed_password_placeholder','2025-11-29','active','2025-11-29 00:40:36','2025-11-29 00:40:36'),(30,'202493846','황지윤','202493846@ajou.ac.kr','010-2339-8605','전자공학과',3,NULL,'hashed_password_placeholder','2025-11-29','active','2025-11-29 00:40:36','2025-11-29 00:40:36'),(31,'202484534','안승우','202484534@ajou.ac.kr','010-7324-1111','컴퓨터공학과',3,NULL,'hashed_password_placeholder','2025-11-29','active','2025-11-29 00:40:36','2025-11-29 00:40:36'),(32,'202473462','안하은','202473462@ajou.ac.kr','010-7692-1964','전자공학과',1,NULL,'hashed_password_placeholder','2025-11-29','active','2025-11-29 00:40:36','2025-11-29 00:40:36'),(33,'202412400','송민성','202412400@ajou.ac.kr','010-9357-1380','컴퓨터공학과',3,NULL,'hashed_password_placeholder','2025-11-29','active','2025-11-29 00:40:36','2025-11-29 00:40:36'),(34,'202440130','송채윤','202440130@ajou.ac.kr','010-3969-1811','컴퓨터공학과',2,NULL,'hashed_password_placeholder','2025-11-29','active','2025-11-29 00:40:36','2025-11-29 00:40:36'),(35,'202483732','배서현','202483732@ajou.ac.kr','010-5709-6244','전자공학과',2,NULL,'hashed_password_placeholder','2025-11-29','active','2025-11-29 00:40:36','2025-11-29 00:40:36'),(36,'202439916','배민서','202439916@ajou.ac.kr','010-4746-4781','경제학과',2,NULL,'hashed_password_placeholder','2025-11-29','active','2025-11-29 00:40:36','2025-11-29 00:40:36'),(37,'202430673','홍준영','202430673@ajou.ac.kr','010-4868-9037','컴퓨터공학과',4,NULL,'hashed_password_placeholder','2025-11-29','active','2025-11-29 00:40:36','2025-11-29 00:40:36'),(38,'202415038','홍예은','202415038@ajou.ac.kr','010-2758-4949','전자공학과',2,NULL,'hashed_password_placeholder','2025-11-29','active','2025-11-29 00:40:36','2025-11-29 00:40:36'),(39,'202417362','양우진','202417362@ajou.ac.kr','010-2555-7184','기계공학과',3,NULL,'hashed_password_placeholder','2025-11-29','active','2025-11-29 00:40:36','2025-11-29 00:40:36'),(40,'202462538','양다은','202462538@ajou.ac.kr','010-7700-9903','경제학과',3,NULL,'hashed_password_placeholder','2025-11-29','active','2025-11-29 00:40:36','2025-11-29 00:40:36'),(41,'202492888','고지환','202492888@ajou.ac.kr','010-4422-7560','경영학과',1,NULL,'hashed_password_placeholder','2025-11-29','active','2025-11-29 00:40:36','2025-11-29 00:40:36'),(42,'202413119','고서진','202413119@ajou.ac.kr','010-1591-5837','컴퓨터공학과',3,NULL,'hashed_password_placeholder','2025-11-29','active','2025-11-29 00:40:36','2025-11-29 00:40:36'),(43,'202465045','곽태윤','202465045@ajou.ac.kr','010-6723-6277','경영학과',4,NULL,'hashed_password_placeholder','2025-11-29','active','2025-11-29 00:40:36','2025-11-29 00:40:36'),(44,'202433801','곽수현','202433801@ajou.ac.kr','010-1789-2462','전자공학과',1,NULL,'hashed_password_placeholder','2025-11-29','active','2025-11-29 00:40:36','2025-11-29 00:40:36'),(45,'202429191','손민호','202429191@ajou.ac.kr','010-5467-5715','컴퓨터공학과',2,NULL,'hashed_password_placeholder','2025-11-29','active','2025-11-29 00:40:36','2025-11-29 00:40:36'),(46,'202495493','손서하','202495493@ajou.ac.kr','010-1914-3616','경영학과',3,NULL,'hashed_password_placeholder','2025-11-29','active','2025-11-29 00:40:36','2025-11-29 00:40:36'),(47,'202493472','남건우','202493472@ajou.ac.kr','010-2449-1159','전자공학과',4,NULL,'hashed_password_placeholder','2025-11-29','active','2025-11-29 00:40:36','2025-11-29 00:40:36'),(48,'202487858','남지원','202487858@ajou.ac.kr','010-4536-4928','경영학과',4,NULL,'hashed_password_placeholder','2025-11-29','active','2025-11-29 00:40:36','2025-11-29 00:40:36'),(49,'202499650','류지안','202499650@ajou.ac.kr','010-4489-1024','경영학과',4,NULL,'hashed_password_placeholder','2025-11-29','active','2025-11-29 00:40:36','2025-11-29 00:40:36'),(50,'202485489','류하윤','202485489@ajou.ac.kr','010-2222-1770','경영학과',3,NULL,'hashed_password_placeholder','2025-11-29','active','2025-11-29 00:40:36','2025-11-29 00:40:36'),(51,'202479589','전시온','202479589@ajou.ac.kr','010-6027-4390','경영학과',3,NULL,'hashed_password_placeholder','2025-11-29','active','2025-11-29 00:40:36','2025-11-29 00:40:36'),(52,'202411666','전지율','202411666@ajou.ac.kr','010-2931-6280','컴퓨터공학과',4,NULL,'hashed_password_placeholder','2025-11-29','active','2025-11-29 00:40:36','2025-11-29 00:40:36'),(53,'202498809','문주원','202498809@ajou.ac.kr','010-9863-1820','기계공학과',4,NULL,'hashed_password_placeholder','2025-11-29','active','2025-11-29 00:40:36','2025-11-29 00:40:36'),(54,'202457586','문서율','202457586@ajou.ac.kr','010-9120-2856','기계공학과',3,NULL,'hashed_password_placeholder','2025-11-29','active','2025-11-29 00:40:36','2025-11-29 00:40:36'),(55,'202451413','학생55','202451413@ajou.ac.kr','010-9439-6215','전자공학과',2,NULL,'hashed_password_placeholder','2025-11-29','active','2025-11-29 00:40:36','2025-11-29 00:40:36'),(56,'202480977','학생56','202480977@ajou.ac.kr','010-7280-2558','기계공학과',1,NULL,'hashed_password_placeholder','2025-11-29','active','2025-11-29 00:40:36','2025-11-29 00:40:36'),(57,'202419911','학생57','202419911@ajou.ac.kr','010-1724-3110','컴퓨터공학과',1,NULL,'hashed_password_placeholder','2025-11-29','active','2025-11-29 00:40:36','2025-11-29 00:40:36'),(58,'202449153','학생58','202449153@ajou.ac.kr','010-4028-1648','전자공학과',2,NULL,'hashed_password_placeholder','2025-11-29','active','2025-11-29 00:40:36','2025-11-29 00:40:36'),(59,'202452732','학생59','202452732@ajou.ac.kr','010-4546-9631','전자공학과',1,NULL,'hashed_password_placeholder','2025-11-29','active','2025-11-29 00:40:36','2025-11-29 00:40:36'),(60,'202458725','학생60','202458725@ajou.ac.kr','010-6303-4208','경영학과',1,NULL,'hashed_password_placeholder','2025-11-29','active','2025-11-29 00:40:36','2025-11-29 00:40:36'),(61,'admin','관리자','admin@ajou.ac.kr','010-0000-0000','시스템관리팀',4,NULL,'hashed_rhksflwk0810','2025-11-30','active','2025-11-30 01:10:23','2025-11-30 01:10:23');
/*!40000 ALTER TABLE `members` ENABLE KEYS */;
UNLOCK TABLES;

--
-- Temporary table structure for view `overdueloans`
--

DROP TABLE IF EXISTS `overdueloans`;
/*!50001 DROP VIEW IF EXISTS `overdueloans`*/;
SET @saved_cs_client     = @@character_set_client;
SET character_set_client = utf8;
/*!50001 CREATE VIEW `overdueloans` AS SELECT
 1 AS `loan_id`,
  1 AS `member_name`,
  1 AS `student_id`,
  1 AS `book_title`,
  1 AS `loan_date`,
  1 AS `due_date`,
  1 AS `days_overdue`,
  1 AS `fine_amount` */;
SET character_set_client = @saved_cs_client;

--
-- Temporary table structure for view `popularbooks`
--

DROP TABLE IF EXISTS `popularbooks`;
/*!50001 DROP VIEW IF EXISTS `popularbooks`*/;
SET @saved_cs_client     = @@character_set_client;
SET character_set_client = utf8;
/*!50001 CREATE VIEW `popularbooks` AS SELECT
 1 AS `book_id`,
  1 AS `title`,
  1 AS `author`,
  1 AS `category`,
  1 AS `loan_count`,
  1 AS `avg_rating` */;
SET character_set_client = @saved_cs_client;

--
-- Table structure for table `readinggoals`
--

DROP TABLE IF EXISTS `readinggoals`;
/*!40101 SET @saved_cs_client     = @@character_set_client */;
/*!40101 SET character_set_client = utf8 */;
CREATE TABLE `readinggoals` (
  `goal_id` int(11) NOT NULL AUTO_INCREMENT,
  `member_id` int(11) NOT NULL,
  `year` int(11) NOT NULL,
  `target_books` int(11) NOT NULL,
  `current_books` int(11) DEFAULT 0,
  `goal_description` text DEFAULT NULL,
  `created_at` timestamp NOT NULL DEFAULT current_timestamp(),
  `updated_at` timestamp NOT NULL DEFAULT current_timestamp() ON UPDATE current_timestamp(),
  PRIMARY KEY (`goal_id`),
  UNIQUE KEY `unique_goal` (`member_id`,`year`),
  KEY `idx_member_id` (`member_id`),
  KEY `idx_year` (`year`),
  CONSTRAINT `readinggoals_ibfk_1` FOREIGN KEY (`member_id`) REFERENCES `members` (`member_id`) ON DELETE CASCADE
) ENGINE=InnoDB AUTO_INCREMENT=48 DEFAULT CHARSET=utf8mb4 COLLATE=utf8mb4_unicode_ci;
/*!40101 SET character_set_client = @saved_cs_client */;

--
-- Dumping data for table `readinggoals`
--

LOCK TABLES `readinggoals` WRITE;
/*!40000 ALTER TABLE `readinggoals` DISABLE KEYS */;
INSERT INTO `readinggoals` VALUES (1,52,2024,46,25,NULL,'2025-11-29 00:41:58','2025-11-29 00:41:58'),(2,33,2024,28,21,NULL,'2025-11-29 00:41:58','2025-11-29 00:41:58'),(3,42,2024,22,9,NULL,'2025-11-29 00:41:58','2025-11-29 00:41:58'),(4,38,2024,37,15,NULL,'2025-11-29 00:41:58','2025-11-29 00:41:58'),(5,14,2024,27,21,NULL,'2025-11-29 00:41:58','2025-11-29 00:41:58'),(6,39,2024,18,27,NULL,'2025-11-29 00:41:58','2025-11-29 00:41:58'),(7,57,2024,46,25,NULL,'2025-11-29 00:41:58','2025-11-29 00:41:58'),(8,18,2024,32,8,NULL,'2025-11-29 00:41:58','2025-11-29 00:41:58'),(9,10,2024,35,11,NULL,'2025-11-29 00:41:58','2025-11-29 00:41:58'),(10,4,2024,48,21,NULL,'2025-11-29 00:41:58','2025-11-29 00:41:58'),(11,9,2024,34,29,NULL,'2025-11-29 00:41:58','2025-11-29 00:41:58'),(12,45,2024,12,9,NULL,'2025-11-29 00:41:58','2025-11-29 00:41:58'),(13,37,2024,26,2,NULL,'2025-11-29 00:41:58','2025-11-29 00:41:58'),(14,13,2024,18,24,NULL,'2025-11-29 00:41:58','2025-11-29 00:41:58'),(15,21,2024,27,22,NULL,'2025-11-29 00:41:58','2025-11-29 00:41:58'),(16,44,2024,28,0,NULL,'2025-11-29 00:41:58','2025-11-29 00:41:58'),(17,8,2024,39,19,NULL,'2025-11-29 00:41:58','2025-11-29 00:41:58'),(18,2,2024,11,7,NULL,'2025-11-29 00:41:58','2025-11-29 00:41:58'),(19,36,2024,12,17,NULL,'2025-11-29 00:41:58','2025-11-29 00:41:58'),(20,34,2024,38,24,NULL,'2025-11-29 00:41:58','2025-11-29 00:41:58'),(21,27,2024,48,9,NULL,'2025-11-29 00:41:58','2025-11-29 00:41:58'),(22,19,2024,41,27,NULL,'2025-11-29 00:41:58','2025-11-29 00:41:58'),(23,6,2024,18,10,NULL,'2025-11-29 00:41:58','2025-11-29 00:41:58'),(24,58,2024,15,18,NULL,'2025-11-29 00:41:58','2025-11-29 00:41:58'),(25,20,2024,37,15,NULL,'2025-11-29 00:41:58','2025-11-29 00:41:58'),(32,52,2023,33,12,NULL,'2025-11-29 00:41:58','2025-11-29 00:41:58'),(33,33,2023,18,26,NULL,'2025-11-29 00:41:58','2025-11-29 00:41:58'),(34,42,2023,40,5,NULL,'2025-11-29 00:41:58','2025-11-29 00:41:58'),(35,38,2023,37,25,NULL,'2025-11-29 00:41:58','2025-11-29 00:41:58'),(36,14,2023,14,1,NULL,'2025-11-29 00:41:58','2025-11-29 00:41:58'),(37,39,2023,48,17,NULL,'2025-11-29 00:41:58','2025-11-29 00:41:58'),(38,57,2023,14,24,NULL,'2025-11-29 00:41:58','2025-11-29 00:41:58'),(39,18,2023,36,27,NULL,'2025-11-29 00:41:58','2025-11-29 00:41:58'),(40,10,2023,30,27,NULL,'2025-11-29 00:41:58','2025-11-29 00:41:58'),(41,4,2023,49,7,NULL,'2025-11-29 00:41:58','2025-11-29 00:41:58'),(42,9,2023,17,7,NULL,'2025-11-29 00:41:58','2025-11-29 00:41:58'),(43,45,2023,39,27,NULL,'2025-11-29 00:41:58','2025-11-29 00:41:58'),(44,37,2023,22,24,NULL,'2025-11-29 00:41:58','2025-11-29 00:41:58'),(45,13,2023,13,2,NULL,'2025-11-29 00:41:58','2025-11-29 00:41:58'),(46,21,2023,16,16,NULL,'2025-11-29 00:41:58','2025-11-29 00:41:58'),(47,1,2025,7,0,NULL,'2025-12-01 00:23:30','2025-12-01 00:23:36');
/*!40000 ALTER TABLE `readinggoals` ENABLE KEYS */;
UNLOCK TABLES;

--
-- Table structure for table `readinghistory`
--

DROP TABLE IF EXISTS `readinghistory`;
/*!40101 SET @saved_cs_client     = @@character_set_client */;
/*!40101 SET character_set_client = utf8 */;
CREATE TABLE `readinghistory` (
  `history_id` int(11) NOT NULL AUTO_INCREMENT,
  `member_id` int(11) NOT NULL,
  `book_id` int(11) NOT NULL,
  `read_date` date DEFAULT curdate(),
  `reading_time` int(11) DEFAULT NULL,
  `pages_read` int(11) DEFAULT NULL,
  `notes` text DEFAULT NULL,
  `created_at` timestamp NOT NULL DEFAULT current_timestamp(),
  PRIMARY KEY (`history_id`),
  KEY `idx_member_id` (`member_id`),
  KEY `idx_book_id` (`book_id`),
  KEY `idx_read_date` (`read_date`),
  CONSTRAINT `readinghistory_ibfk_1` FOREIGN KEY (`member_id`) REFERENCES `members` (`member_id`) ON DELETE CASCADE,
  CONSTRAINT `readinghistory_ibfk_2` FOREIGN KEY (`book_id`) REFERENCES `books` (`book_id`) ON DELETE CASCADE
) ENGINE=InnoDB AUTO_INCREMENT=3 DEFAULT CHARSET=utf8mb4 COLLATE=utf8mb4_unicode_ci;
/*!40101 SET character_set_client = @saved_cs_client */;

--
-- Dumping data for table `readinghistory`
--

LOCK TABLES `readinghistory` WRITE;
/*!40000 ALTER TABLE `readinghistory` DISABLE KEYS */;
INSERT INTO `readinghistory` VALUES (1,1,1,'2024-10-14',180,100,'The Pragmatic Programmer - 실용주의 원칙 정리','2025-11-28 03:05:50'),(2,2,2,'2024-10-15',150,80,'Clean Code - 클린 코드 작성 원칙 학습','2025-11-28 03:05:50');
/*!40000 ALTER TABLE `readinghistory` ENABLE KEYS */;
UNLOCK TABLES;

--
-- Table structure for table `readingnotes`
--

DROP TABLE IF EXISTS `readingnotes`;
/*!40101 SET @saved_cs_client     = @@character_set_client */;
/*!40101 SET character_set_client = utf8 */;
CREATE TABLE `readingnotes` (
  `note_id` int(11) NOT NULL AUTO_INCREMENT,
  `member_id` int(11) NOT NULL,
  `book_id` int(11) NOT NULL,
  `loan_id` int(11) DEFAULT NULL,
  `summary` text DEFAULT NULL,
  `key_points` text DEFAULT NULL,
  `favorite_quote` text DEFAULT NULL,
  `rating` int(11) DEFAULT NULL CHECK (`rating` >= 1 and `rating` <= 5),
  `tags` varchar(255) DEFAULT NULL,
  `created_at` timestamp NOT NULL DEFAULT current_timestamp(),
  `updated_at` timestamp NOT NULL DEFAULT current_timestamp() ON UPDATE current_timestamp(),
  PRIMARY KEY (`note_id`),
  KEY `loan_id` (`loan_id`),
  KEY `idx_member` (`member_id`),
  KEY `idx_book` (`book_id`),
  KEY `idx_created` (`created_at`),
  CONSTRAINT `readingnotes_ibfk_1` FOREIGN KEY (`member_id`) REFERENCES `members` (`member_id`) ON DELETE CASCADE,
  CONSTRAINT `readingnotes_ibfk_2` FOREIGN KEY (`book_id`) REFERENCES `books` (`book_id`) ON DELETE CASCADE,
  CONSTRAINT `readingnotes_ibfk_3` FOREIGN KEY (`loan_id`) REFERENCES `loans` (`loan_id`) ON DELETE SET NULL
) ENGINE=InnoDB AUTO_INCREMENT=2 DEFAULT CHARSET=utf8mb4 COLLATE=utf8mb4_general_ci;
/*!40101 SET character_set_client = @saved_cs_client */;

--
-- Dumping data for table `readingnotes`
--

LOCK TABLES `readingnotes` WRITE;
/*!40000 ALTER TABLE `readingnotes` DISABLE KEYS */;
INSERT INTO `readingnotes` VALUES (1,1,12,NULL,'객체지향','50','시험에 나옴',5,NULL,'2025-12-02 07:27:51','2025-12-02 07:27:51');
/*!40000 ALTER TABLE `readingnotes` ENABLE KEYS */;
UNLOCK TABLES;

--
-- Table structure for table `reservations`
--

DROP TABLE IF EXISTS `reservations`;
/*!40101 SET @saved_cs_client     = @@character_set_client */;
/*!40101 SET character_set_client = utf8 */;
CREATE TABLE `reservations` (
  `reservation_id` int(11) NOT NULL AUTO_INCREMENT,
  `member_id` int(11) NOT NULL,
  `book_id` int(11) NOT NULL,
  `reservation_date` date NOT NULL DEFAULT curdate(),
  `expiry_date` date NOT NULL,
  `status` enum('active','fulfilled','cancelled','expired') DEFAULT 'active',
  `notification_sent` tinyint(1) DEFAULT 0,
  `created_at` timestamp NOT NULL DEFAULT current_timestamp(),
  `updated_at` timestamp NOT NULL DEFAULT current_timestamp() ON UPDATE current_timestamp(),
  PRIMARY KEY (`reservation_id`),
  KEY `idx_member_id` (`member_id`),
  KEY `idx_book_id` (`book_id`),
  KEY `idx_status` (`status`),
  CONSTRAINT `reservations_ibfk_1` FOREIGN KEY (`member_id`) REFERENCES `members` (`member_id`) ON DELETE CASCADE,
  CONSTRAINT `reservations_ibfk_2` FOREIGN KEY (`book_id`) REFERENCES `books` (`book_id`) ON DELETE CASCADE
) ENGINE=InnoDB AUTO_INCREMENT=32 DEFAULT CHARSET=utf8mb4 COLLATE=utf8mb4_unicode_ci;
/*!40101 SET character_set_client = @saved_cs_client */;

--
-- Dumping data for table `reservations`
--

LOCK TABLES `reservations` WRITE;
/*!40000 ALTER TABLE `reservations` DISABLE KEYS */;
INSERT INTO `reservations` VALUES (1,21,23,'2025-11-26','2025-12-03','active',0,'2025-11-29 00:40:36','2025-11-29 00:40:36'),(2,7,85,'2025-11-29','2025-12-06','active',0,'2025-11-29 00:40:36','2025-11-29 00:40:36'),(3,42,7,'2025-11-28','2025-12-05','cancelled',0,'2025-11-29 00:40:36','2025-11-29 00:40:36'),(4,16,25,'2025-11-09','2025-11-16','fulfilled',0,'2025-11-29 00:40:36','2025-11-29 00:40:36'),(5,14,99,'2025-11-26','2025-12-03','cancelled',0,'2025-11-29 00:40:36','2025-11-29 00:40:36'),(6,32,27,'2025-11-03','2025-11-10','cancelled',0,'2025-11-29 00:40:36','2025-11-29 00:40:36'),(7,11,91,'2025-11-03','2025-11-10','active',0,'2025-11-29 00:40:36','2025-11-29 00:40:36'),(8,55,49,'2025-11-15','2025-11-22','cancelled',0,'2025-11-29 00:40:36','2025-11-29 00:40:36'),(9,12,94,'2025-11-25','2025-12-02','fulfilled',0,'2025-11-29 00:40:36','2025-11-29 00:40:36'),(10,32,21,'2025-11-19','2025-11-26','cancelled',0,'2025-11-29 00:40:36','2025-11-29 00:40:36'),(11,18,20,'2025-11-20','2025-11-27','cancelled',0,'2025-11-29 00:40:36','2025-11-29 00:40:36'),(12,48,68,'2025-11-28','2025-12-05','cancelled',0,'2025-11-29 00:40:36','2025-11-29 00:40:36'),(13,52,88,'2025-10-30','2025-11-06','cancelled',0,'2025-11-29 00:40:36','2025-11-29 00:40:36'),(14,31,58,'2025-10-30','2025-11-06','cancelled',0,'2025-11-29 00:40:36','2025-11-29 00:40:36'),(15,17,93,'2025-11-22','2025-11-29','cancelled',0,'2025-11-29 00:40:36','2025-11-29 00:40:36'),(16,17,51,'2025-11-04','2025-11-11','cancelled',0,'2025-11-29 00:40:36','2025-11-29 00:40:36'),(17,19,66,'2025-11-19','2025-11-26','fulfilled',0,'2025-11-29 00:40:36','2025-11-29 00:40:36'),(18,9,56,'2025-11-24','2025-12-01','cancelled',0,'2025-11-29 00:40:36','2025-11-29 00:40:36'),(19,22,61,'2025-11-02','2025-11-09','cancelled',0,'2025-11-29 00:40:36','2025-11-29 00:40:36'),(20,1,22,'2025-11-26','2025-12-03','fulfilled',0,'2025-11-29 00:40:36','2025-11-29 00:40:36'),(21,2,30,'2025-11-24','2025-12-01','cancelled',0,'2025-11-29 00:40:36','2025-11-29 00:40:36'),(22,10,92,'2025-11-05','2025-11-12','active',0,'2025-11-29 00:40:36','2025-11-29 00:40:36'),(23,35,37,'2025-11-14','2025-11-21','fulfilled',0,'2025-11-29 00:40:36','2025-11-29 00:40:36'),(24,51,52,'2025-11-15','2025-11-22','active',0,'2025-11-29 00:40:36','2025-11-29 00:40:36'),(25,29,7,'2025-11-15','2025-11-22','cancelled',0,'2025-11-29 00:40:36','2025-11-29 00:40:36'),(26,22,80,'2025-11-10','2025-11-17','fulfilled',0,'2025-11-29 00:40:36','2025-11-29 00:40:36'),(27,17,29,'2025-11-15','2025-11-22','cancelled',0,'2025-11-29 00:40:36','2025-11-29 00:40:36'),(28,38,82,'2025-11-14','2025-11-21','cancelled',0,'2025-11-29 00:40:36','2025-11-29 00:40:36'),(29,46,13,'2025-11-17','2025-11-24','cancelled',0,'2025-11-29 00:40:36','2025-11-29 00:40:36'),(30,19,97,'2025-11-11','2025-11-18','active',0,'2025-11-29 00:40:36','2025-11-29 00:40:36'),(31,1,2,'2025-11-30','2025-12-07','active',0,'2025-11-30 01:33:39','2025-11-30 01:33:39');
/*!40000 ALTER TABLE `reservations` ENABLE KEYS */;
UNLOCK TABLES;

--
-- Table structure for table `reviews`
--

DROP TABLE IF EXISTS `reviews`;
/*!40101 SET @saved_cs_client     = @@character_set_client */;
/*!40101 SET character_set_client = utf8 */;
CREATE TABLE `reviews` (
  `review_id` int(11) NOT NULL AUTO_INCREMENT,
  `member_id` int(11) NOT NULL,
  `book_id` int(11) NOT NULL,
  `rating` int(11) DEFAULT NULL CHECK (`rating` >= 1 and `rating` <= 5),
  `comment` text DEFAULT NULL,
  `review_date` date DEFAULT curdate(),
  `likes_count` int(11) DEFAULT 0,
  `created_at` timestamp NOT NULL DEFAULT current_timestamp(),
  `updated_at` timestamp NOT NULL DEFAULT current_timestamp() ON UPDATE current_timestamp(),
  PRIMARY KEY (`review_id`),
  UNIQUE KEY `unique_review` (`member_id`,`book_id`),
  KEY `idx_book_id` (`book_id`),
  KEY `idx_rating` (`rating`),
  CONSTRAINT `reviews_ibfk_1` FOREIGN KEY (`member_id`) REFERENCES `members` (`member_id`) ON DELETE CASCADE,
  CONSTRAINT `reviews_ibfk_2` FOREIGN KEY (`book_id`) REFERENCES `books` (`book_id`) ON DELETE CASCADE
) ENGINE=InnoDB AUTO_INCREMENT=82 DEFAULT CHARSET=utf8mb4 COLLATE=utf8mb4_unicode_ci;
/*!40101 SET character_set_client = @saved_cs_client */;

--
-- Dumping data for table `reviews`
--

LOCK TABLES `reviews` WRITE;
/*!40000 ALTER TABLE `reviews` DISABLE KEYS */;
INSERT INTO `reviews` VALUES (1,28,87,5,'그림과 도표가 이해를 돕습니다.','2025-11-29',0,'2025-11-29 00:40:36','2025-11-29 00:40:36'),(2,39,10,3,'개념 정리에 도움이 많이 되었습니다.','2025-11-29',0,'2025-11-29 00:40:36','2025-11-29 00:40:36'),(3,14,21,4,'입문서로 최고입니다!','2025-11-29',0,'2025-11-29 00:40:36','2025-11-29 00:40:36'),(4,35,80,5,'깊이있는 내용을 다루고 있어서 좋습니다.','2025-11-29',0,'2025-11-29 00:40:36','2025-11-29 00:40:36'),(5,3,19,4,'설명이 명확하고 이해하기 쉬워요.','2025-11-29',0,'2025-11-29 00:40:36','2025-11-29 00:40:36'),(6,11,85,3,'그림과 도표가 이해를 돕습니다.','2025-11-29',0,'2025-11-29 00:40:36','2025-11-29 00:40:36'),(7,58,27,4,'난이도가 적절합니다.','2025-11-29',0,'2025-11-29 00:40:36','2025-11-29 00:40:36'),(8,5,83,3,'정말 유익한 책이었습니다!','2025-11-29',0,'2025-11-29 00:40:36','2025-11-29 00:40:36'),(9,39,32,4,'이론과 실습이 균형있게 구성되어 있습니다.','2025-11-29',0,'2025-11-29 00:40:36','2025-11-29 00:40:36'),(10,32,17,4,'초보자도 읽기 쉬워요.','2025-11-29',0,'2025-11-29 00:40:36','2025-11-29 00:40:36'),(11,19,83,5,'실무에 바로 적용할 수 있는 내용이 많아요.','2025-11-29',0,'2025-11-29 00:40:36','2025-11-29 00:40:36'),(12,15,12,3,'예제 코드가 잘 되어있습니다.','2025-11-29',0,'2025-11-29 00:40:36','2025-11-29 00:40:36'),(13,46,45,5,'정말 유익한 책이었습니다!','2025-11-29',0,'2025-11-29 00:40:36','2025-11-29 00:40:36'),(14,32,50,5,'설명이 명확하고 이해하기 쉬워요.','2025-11-29',0,'2025-11-29 00:40:36','2025-11-29 00:40:36'),(15,45,52,5,'예제 코드가 잘 되어있습니다.','2025-11-29',0,'2025-11-29 00:40:36','2025-11-29 00:40:36'),(16,56,60,4,'강력 추천합니다.','2025-11-29',0,'2025-11-29 00:40:36','2025-11-29 00:40:36'),(17,41,32,5,'실무에 바로 적용할 수 있는 내용이 많아요.','2025-11-29',0,'2025-11-29 00:40:36','2025-11-29 00:40:36'),(18,16,48,3,'예제 코드가 잘 되어있습니다.','2025-11-29',0,'2025-11-29 00:40:36','2025-11-29 00:40:36'),(19,49,41,5,'실무에 바로 적용할 수 있는 내용이 많아요.','2025-11-29',0,'2025-11-29 00:40:36','2025-11-29 00:40:36'),(20,24,39,5,'깊이있는 내용을 다루고 있어서 좋습니다.','2025-11-29',0,'2025-11-29 00:40:36','2025-11-29 00:40:36'),(21,35,41,4,'이론과 실습이 균형있게 구성되어 있습니다.','2025-11-29',0,'2025-11-29 00:40:36','2025-11-29 00:40:36'),(22,54,41,3,'입문서로 최고입니다!','2025-11-29',0,'2025-11-29 00:40:36','2025-11-29 00:40:36'),(23,7,60,3,'강력 추천합니다.','2025-11-29',0,'2025-11-29 00:40:36','2025-11-29 00:40:36'),(24,22,87,5,'그림과 도표가 이해를 돕습니다.','2025-11-29',0,'2025-11-29 00:40:36','2025-11-29 00:40:36'),(25,45,86,4,'난이도가 적절합니다.','2025-11-29',0,'2025-11-29 00:40:36','2025-11-29 00:40:36'),(26,58,15,3,'개념 정리에 도움이 많이 되었습니다.','2025-11-29',0,'2025-11-29 00:40:36','2025-11-29 00:40:36'),(27,2,56,4,'입문서로 최고입니다!','2025-11-29',0,'2025-11-29 00:40:36','2025-11-29 00:40:36'),(28,32,81,5,'그림과 도표가 이해를 돕습니다.','2025-11-29',0,'2025-11-29 00:40:36','2025-11-29 00:40:36'),(29,37,92,3,'난이도가 적절합니다.','2025-11-29',0,'2025-11-29 00:40:36','2025-11-29 00:40:36'),(30,23,20,4,'설명이 명확하고 이해하기 쉬워요.','2025-11-29',0,'2025-11-29 00:40:36','2025-11-29 00:40:36'),(31,24,74,5,'깊이있는 내용을 다루고 있어서 좋습니다.','2025-11-29',0,'2025-11-29 00:40:36','2025-11-29 00:40:36'),(32,13,57,4,'난이도가 적절합니다.','2025-11-29',0,'2025-11-29 00:40:36','2025-11-29 00:40:36'),(33,60,97,5,'난이도가 적절합니다.','2025-11-29',0,'2025-11-29 00:40:36','2025-11-29 00:40:36'),(34,60,42,5,'초보자도 읽기 쉬워요.','2025-11-29',0,'2025-11-29 00:40:36','2025-11-29 00:40:36'),(35,2,17,4,'입문서로 최고입니다!','2025-11-29',0,'2025-11-29 00:40:36','2025-11-29 00:40:36'),(36,42,69,4,'이론과 실습이 균형있게 구성되어 있습니다.','2025-11-29',0,'2025-11-29 00:40:36','2025-11-29 00:40:36'),(37,6,59,5,'정말 유익한 책이었습니다!','2025-11-29',0,'2025-11-29 00:40:36','2025-11-29 00:40:36'),(38,43,88,3,'깊이있는 내용을 다루고 있어서 좋습니다.','2025-11-29',0,'2025-11-29 00:40:36','2025-11-29 00:40:36'),(39,9,45,5,'정말 유익한 책이었습니다!','2025-11-29',0,'2025-11-29 00:40:36','2025-11-29 00:40:36'),(40,1,55,4,'실무에 바로 적용할 수 있는 내용이 많아요.','2025-11-29',0,'2025-11-29 00:40:36','2025-11-29 00:40:36'),(41,4,78,5,'설명이 명확하고 이해하기 쉬워요.','2025-11-29',0,'2025-11-29 00:40:36','2025-11-29 00:40:36'),(42,13,97,5,'개념 정리에 도움이 많이 되었습니다.','2025-11-29',0,'2025-11-29 00:40:36','2025-11-29 00:40:36'),(43,53,31,3,'그림과 도표가 이해를 돕습니다.','2025-11-29',0,'2025-11-29 00:40:36','2025-11-29 00:40:36'),(44,31,34,3,'깊이있는 내용을 다루고 있어서 좋습니다.','2025-11-29',0,'2025-11-29 00:40:36','2025-11-29 00:40:36'),(45,37,3,4,'입문서로 최고입니다!','2025-11-29',0,'2025-11-29 00:40:36','2025-11-29 00:40:36'),(46,21,13,4,'난이도가 적절합니다.','2025-11-29',0,'2025-11-29 00:40:36','2025-11-29 00:40:36'),(47,44,38,4,'깊이있는 내용을 다루고 있어서 좋습니다.','2025-11-29',0,'2025-11-29 00:40:36','2025-11-29 00:40:36'),(48,38,39,3,'개념 정리에 도움이 많이 되었습니다.','2025-11-29',0,'2025-11-29 00:40:36','2025-11-29 00:40:36'),(49,5,13,3,'이론과 실습이 균형있게 구성되어 있습니다.','2025-11-29',0,'2025-11-29 00:40:36','2025-11-29 00:40:36'),(50,44,7,5,'이론과 실습이 균형있게 구성되어 있습니다.','2025-11-29',0,'2025-11-29 00:40:36','2025-11-29 00:40:36'),(51,53,89,5,'추천합니다.','2025-11-29',0,'2025-11-29 00:43:42','2025-11-29 00:43:42'),(52,7,67,5,'좋은 책입니다.','2025-11-29',0,'2025-11-29 00:43:42','2025-11-29 00:43:42'),(53,56,69,4,'매우 유익했습니다!','2025-11-29',0,'2025-11-29 00:43:42','2025-11-29 00:43:42'),(54,57,17,3,'쉽게 읽을 수 있어요.','2025-11-29',0,'2025-11-29 00:43:42','2025-11-29 00:43:42'),(55,40,72,4,'실무에 도움이 됩니다.','2025-11-29',0,'2025-11-29 00:43:42','2025-11-29 00:43:42'),(56,1,82,3,'실무에 도움이 됩니다.','2025-11-29',0,'2025-11-29 00:43:42','2025-11-29 00:43:42'),(57,15,26,4,'좋은 책입니다.','2025-11-29',0,'2025-11-29 00:43:42','2025-11-29 00:43:42'),(58,16,33,5,'쉽게 읽을 수 있어요.','2025-11-29',0,'2025-11-29 00:43:42','2025-11-29 00:43:42'),(59,23,67,3,'매우 유익했습니다!','2025-11-29',0,'2025-11-29 00:43:42','2025-11-29 00:43:42'),(60,33,61,4,'추천합니다.','2025-11-29',0,'2025-11-29 00:43:42','2025-11-29 00:43:42'),(61,55,89,5,'좋은 책입니다.','2025-11-29',0,'2025-11-29 00:43:42','2025-11-29 00:43:42'),(62,9,18,4,'실무에 도움이 됩니다.','2025-11-29',0,'2025-11-29 00:43:42','2025-11-29 00:43:42'),(63,50,27,5,'쉽게 읽을 수 있어요.','2025-11-29',0,'2025-11-29 00:43:42','2025-11-29 00:43:42'),(64,48,55,4,'매우 유익했습니다!','2025-11-29',0,'2025-11-29 00:43:42','2025-11-29 00:43:42'),(65,39,78,5,'쉽게 읽을 수 있어요.','2025-11-29',0,'2025-11-29 00:43:42','2025-11-29 00:43:42'),(66,28,90,3,'좋은 책입니다.','2025-11-29',0,'2025-11-29 00:43:42','2025-11-29 00:43:42'),(67,59,27,4,'추천합니다.','2025-11-29',0,'2025-11-29 00:43:42','2025-11-29 00:43:42'),(68,56,97,3,'추천합니다.','2025-11-29',0,'2025-11-29 00:43:42','2025-11-29 00:43:42'),(69,35,86,4,'매우 유익했습니다!','2025-11-29',0,'2025-11-29 00:43:42','2025-11-29 00:43:42'),(70,59,56,5,'쉽게 읽을 수 있어요.','2025-11-29',0,'2025-11-29 00:43:42','2025-11-29 00:43:42'),(71,13,39,3,'추천합니다.','2025-11-29',0,'2025-11-29 00:43:42','2025-11-29 00:43:42'),(72,54,36,3,'쉽게 읽을 수 있어요.','2025-11-29',0,'2025-11-29 00:43:42','2025-11-29 00:43:42'),(73,10,30,3,'매우 유익했습니다!','2025-11-29',0,'2025-11-29 00:43:42','2025-11-29 00:43:42'),(74,52,77,3,'좋은 책입니다.','2025-11-29',0,'2025-11-29 00:43:42','2025-11-29 00:43:42'),(75,37,48,4,'매우 유익했습니다!','2025-11-29',0,'2025-11-29 00:43:42','2025-11-29 00:43:42'),(76,26,54,4,'추천합니다.','2025-11-29',0,'2025-11-29 00:43:42','2025-11-29 00:43:42'),(77,36,87,4,'추천합니다.','2025-11-29',0,'2025-11-29 00:43:42','2025-11-29 00:43:42'),(78,46,90,3,'추천합니다.','2025-11-29',0,'2025-11-29 00:43:42','2025-11-29 00:43:42'),(79,52,41,4,'매우 유익했습니다!','2025-11-29',0,'2025-11-29 00:43:42','2025-11-29 00:43:42'),(80,60,78,5,'매우 유익했습니다!','2025-11-29',0,'2025-11-29 00:43:42','2025-11-29 00:43:42'),(81,1,2,5,'자바를 입문한다면 추천','2025-11-30',0,'2025-11-30 12:00:21','2025-11-30 12:00:21');
/*!40000 ALTER TABLE `reviews` ENABLE KEYS */;
UNLOCK TABLES;

--
-- Table structure for table `seatreservations`
--

DROP TABLE IF EXISTS `seatreservations`;
/*!40101 SET @saved_cs_client     = @@character_set_client */;
/*!40101 SET character_set_client = utf8 */;
CREATE TABLE `seatreservations` (
  `reservation_id` int(11) NOT NULL AUTO_INCREMENT,
  `seat_id` int(11) NOT NULL,
  `member_id` int(11) NOT NULL,
  `start_time` datetime NOT NULL,
  `end_time` datetime NOT NULL,
  `status` enum('active','completed','cancelled','no_show') DEFAULT 'active',
  `checked_in` tinyint(1) DEFAULT 0,
  `checked_in_time` datetime DEFAULT NULL,
  `created_at` timestamp NOT NULL DEFAULT current_timestamp(),
  PRIMARY KEY (`reservation_id`),
  KEY `idx_member` (`member_id`),
  KEY `idx_seat` (`seat_id`),
  KEY `idx_time` (`start_time`,`end_time`),
  KEY `idx_status` (`status`),
  CONSTRAINT `seatreservations_ibfk_1` FOREIGN KEY (`seat_id`) REFERENCES `seats` (`seat_id`) ON DELETE CASCADE,
  CONSTRAINT `seatreservations_ibfk_2` FOREIGN KEY (`member_id`) REFERENCES `members` (`member_id`) ON DELETE CASCADE
) ENGINE=InnoDB AUTO_INCREMENT=3 DEFAULT CHARSET=utf8mb4 COLLATE=utf8mb4_general_ci;
/*!40101 SET character_set_client = @saved_cs_client */;

--
-- Dumping data for table `seatreservations`
--

LOCK TABLES `seatreservations` WRITE;
/*!40000 ALTER TABLE `seatreservations` DISABLE KEYS */;
INSERT INTO `seatreservations` VALUES (1,82,1,'2025-12-02 12:04:15','2025-12-02 14:04:15','cancelled',0,NULL,'2025-12-02 03:04:15'),(2,1,1,'2025-12-02 12:04:40','2025-12-02 13:04:40','active',0,NULL,'2025-12-02 03:04:40');
/*!40000 ALTER TABLE `seatreservations` ENABLE KEYS */;
UNLOCK TABLES;

--
-- Table structure for table `seats`
--

DROP TABLE IF EXISTS `seats`;
/*!40101 SET @saved_cs_client     = @@character_set_client */;
/*!40101 SET character_set_client = utf8 */;
CREATE TABLE `seats` (
  `seat_id` int(11) NOT NULL AUTO_INCREMENT,
  `zone` varchar(50) NOT NULL,
  `seat_number` int(11) NOT NULL,
  `seat_type` varchar(20) DEFAULT 'general',
  `is_available` tinyint(1) DEFAULT 1,
  `created_at` timestamp NOT NULL DEFAULT current_timestamp(),
  PRIMARY KEY (`seat_id`),
  UNIQUE KEY `unique_zone_seat` (`zone`,`seat_number`)
) ENGINE=InnoDB AUTO_INCREMENT=1038 DEFAULT CHARSET=utf8mb4 COLLATE=utf8mb4_general_ci;
/*!40101 SET character_set_client = @saved_cs_client */;

--
-- Dumping data for table `seats`
--

LOCK TABLES `seats` WRITE;
/*!40000 ALTER TABLE `seats` DISABLE KEYS */;
INSERT INTO `seats` VALUES (1,'2층 커뮤니티 라운지',1,'general',1,'2025-12-01 00:30:30'),(2,'2층 커뮤니티 라운지',2,'general',1,'2025-12-01 00:30:30'),(3,'2층 커뮤니티 라운지',3,'general',1,'2025-12-01 00:30:30'),(4,'2층 커뮤니티 라운지',4,'general',1,'2025-12-01 00:30:30'),(5,'2층 커뮤니티 라운지',5,'general',1,'2025-12-01 00:30:30'),(6,'2층 커뮤니티 라운지',6,'general',1,'2025-12-01 00:30:30'),(7,'2층 커뮤니티 라운지',7,'general',1,'2025-12-01 00:30:30'),(8,'2층 커뮤니티 라운지',8,'general',1,'2025-12-01 00:30:30'),(9,'2층 커뮤니티 라운지',9,'general',1,'2025-12-01 00:30:30'),(10,'2층 커뮤니티 라운지',10,'general',1,'2025-12-01 00:30:30'),(11,'2층 커뮤니티 라운지',11,'general',1,'2025-12-01 00:30:30'),(12,'2층 커뮤니티 라운지',12,'general',1,'2025-12-01 00:30:30'),(13,'2층 커뮤니티 라운지',13,'general',1,'2025-12-01 00:30:30'),(14,'2층 커뮤니티 라운지',14,'general',1,'2025-12-01 00:30:30'),(15,'2층 커뮤니티 라운지',15,'general',1,'2025-12-01 00:30:30'),(16,'2층 커뮤니티 라운지',16,'general',1,'2025-12-01 00:30:30'),(17,'2층 커뮤니티 라운지',17,'general',1,'2025-12-01 00:30:30'),(18,'2층 커뮤니티 라운지',18,'general',1,'2025-12-01 00:30:30'),(19,'2층 커뮤니티 라운지',19,'general',1,'2025-12-01 00:30:30'),(20,'2층 커뮤니티 라운지',20,'general',1,'2025-12-01 00:30:30'),(21,'2층 커뮤니티 라운지',21,'general',1,'2025-12-01 00:30:30'),(22,'2층 커뮤니티 라운지',22,'general',1,'2025-12-01 00:30:30'),(23,'2층 커뮤니티 라운지',23,'general',1,'2025-12-01 00:30:30'),(24,'2층 커뮤니티 라운지',24,'general',1,'2025-12-01 00:30:30'),(25,'2층 커뮤니티 라운지',25,'general',1,'2025-12-01 00:30:30'),(26,'2층 커뮤니티 라운지',26,'general',1,'2025-12-01 00:30:30'),(27,'2층 커뮤니티 라운지',27,'general',1,'2025-12-01 00:30:30'),(28,'2층 커뮤니티 라운지',28,'general',1,'2025-12-01 00:30:30'),(29,'2층 커뮤니티 라운지',29,'general',1,'2025-12-01 00:30:30'),(30,'2층 커뮤니티 라운지',30,'general',1,'2025-12-01 00:30:30'),(31,'2층 커뮤니티 라운지',31,'general',1,'2025-12-01 00:30:30'),(32,'2층 커뮤니티 라운지',32,'general',1,'2025-12-01 00:30:30'),(33,'2층 커뮤니티 라운지',33,'general',1,'2025-12-01 00:30:30'),(34,'2층 커뮤니티 라운지',34,'general',1,'2025-12-01 00:30:30'),(35,'2층 커뮤니티 라운지',35,'general',1,'2025-12-01 00:30:30'),(36,'2층 커뮤니티 라운지',36,'general',1,'2025-12-01 00:30:30'),(37,'2층 커뮤니티 라운지',37,'general',1,'2025-12-01 00:30:30'),(38,'2층 커뮤니티 라운지',38,'general',1,'2025-12-01 00:30:30'),(39,'2층 커뮤니티 라운지',39,'general',1,'2025-12-01 00:30:30'),(40,'2층 커뮤니티 라운지',40,'general',1,'2025-12-01 00:30:30'),(41,'2층 커뮤니티 라운지',41,'general',1,'2025-12-01 00:30:30'),(42,'2층 커뮤니티 라운지',42,'general',1,'2025-12-01 00:30:30'),(43,'2층 커뮤니티 라운지',43,'general',1,'2025-12-01 00:30:30'),(44,'2층 커뮤니티 라운지',44,'general',1,'2025-12-01 00:30:30'),(45,'2층 커뮤니티 라운지',45,'general',1,'2025-12-01 00:30:30'),(46,'2층 커뮤니티 라운지',46,'general',1,'2025-12-01 00:30:30'),(47,'2층 커뮤니티 라운지',47,'general',1,'2025-12-01 00:30:30'),(48,'2층 커뮤니티 라운지',48,'general',1,'2025-12-01 00:30:30'),(49,'2층 커뮤니티 라운지',49,'general',1,'2025-12-01 00:30:30'),(50,'2층 커뮤니티 라운지',50,'general',1,'2025-12-01 00:30:30'),(51,'2층 커뮤니티 라운지',51,'general',1,'2025-12-01 00:30:30'),(52,'2층 커뮤니티 라운지',52,'general',1,'2025-12-01 00:30:30'),(53,'2층 커뮤니티 라운지',53,'general',1,'2025-12-01 00:30:30'),(54,'2층 커뮤니티 라운지',54,'general',1,'2025-12-01 00:30:30'),(55,'2층 커뮤니티 라운지',55,'general',1,'2025-12-01 00:30:30'),(56,'2층 커뮤니티 라운지',56,'general',1,'2025-12-01 00:30:30'),(57,'2층 커뮤니티 라운지',57,'general',1,'2025-12-01 00:30:30'),(58,'2층 커뮤니티 라운지',58,'general',1,'2025-12-01 00:30:30'),(59,'2층 커뮤니티 라운지',59,'general',1,'2025-12-01 00:30:30'),(60,'2층 커뮤니티 라운지',60,'general',1,'2025-12-01 00:30:30'),(61,'2층 커뮤니티 라운지',61,'general',1,'2025-12-01 00:30:30'),(62,'2층 커뮤니티 라운지',62,'general',1,'2025-12-01 00:30:30'),(63,'2층 커뮤니티 라운지',63,'general',1,'2025-12-01 00:30:30'),(64,'2층 커뮤니티 라운지',64,'general',1,'2025-12-01 00:30:30'),(65,'2층 커뮤니티 라운지',65,'general',1,'2025-12-01 00:30:30'),(66,'2층 커뮤니티 라운지',66,'general',1,'2025-12-01 00:30:30'),(67,'2층 커뮤니티 라운지',67,'general',1,'2025-12-01 00:30:30'),(68,'2층 커뮤니티 라운지',68,'general',1,'2025-12-01 00:30:30'),(69,'2층 커뮤니티 라운지',69,'general',1,'2025-12-01 00:30:30'),(70,'2층 커뮤니티 라운지',70,'general',1,'2025-12-01 00:30:30'),(71,'2층 커뮤니티 라운지',71,'general',1,'2025-12-01 00:30:30'),(72,'2층 커뮤니티 라운지',72,'general',1,'2025-12-01 00:30:30'),(73,'2층 커뮤니티 라운지',73,'general',1,'2025-12-01 00:30:30'),(74,'2층 커뮤니티 라운지',74,'general',1,'2025-12-01 00:30:30'),(75,'2층 커뮤니티 라운지',75,'general',1,'2025-12-01 00:30:30'),(76,'2층 커뮤니티 라운지',76,'general',1,'2025-12-01 00:30:30'),(77,'2층 커뮤니티 라운지',77,'general',1,'2025-12-01 00:30:30'),(78,'2층 커뮤니티 라운지',78,'general',1,'2025-12-01 00:30:30'),(79,'2층 커뮤니티 라운지',79,'general',1,'2025-12-01 00:30:30'),(80,'2층 커뮤니티 라운지',80,'general',1,'2025-12-01 00:30:30'),(81,'2층 커뮤니티 라운지',81,'general',1,'2025-12-01 00:30:30'),(82,'2층 커뮤니티 라운지',82,'general',1,'2025-12-01 00:30:30'),(83,'2층 커뮤니티 라운지',83,'general',1,'2025-12-01 00:30:30'),(84,'2층 커뮤니티 라운지',84,'general',1,'2025-12-01 00:30:30'),(85,'2층 커뮤니티 라운지',85,'general',1,'2025-12-01 00:30:30'),(86,'2층 커뮤니티 라운지',86,'general',1,'2025-12-01 00:30:30'),(87,'2층 커뮤니티 라운지',87,'general',1,'2025-12-01 00:30:30'),(88,'2층 커뮤니티 라운지',88,'general',1,'2025-12-01 00:30:30'),(89,'2층 커뮤니티 라운지',89,'general',1,'2025-12-01 00:30:30'),(90,'2층 커뮤니티 라운지',90,'general',1,'2025-12-01 00:30:30'),(91,'2층 커뮤니티 라운지',91,'general',1,'2025-12-01 00:30:30'),(92,'2층 커뮤니티 라운지',92,'general',1,'2025-12-01 00:30:30'),(93,'2층 커뮤니티 라운지',93,'general',1,'2025-12-01 00:30:30'),(94,'2층 커뮤니티 라운지',94,'general',1,'2025-12-01 00:30:30'),(95,'2층 커뮤니티 라운지',95,'general',1,'2025-12-01 00:30:30'),(96,'2층 커뮤니티 라운지',96,'general',1,'2025-12-01 00:30:30'),(97,'2층 커뮤니티 라운지',97,'general',1,'2025-12-01 00:30:30'),(98,'2층 커뮤니티 라운지',98,'general',1,'2025-12-01 00:30:30'),(99,'2층 커뮤니티 라운지',99,'general',1,'2025-12-01 00:30:30'),(100,'2층 커뮤니티 라운지',100,'general',1,'2025-12-01 00:30:30'),(101,'2층 커뮤니티 라운지',101,'general',1,'2025-12-01 00:30:30'),(102,'2층 커뮤니티 라운지',102,'general',1,'2025-12-01 00:30:30'),(103,'2층 커뮤니티 라운지',103,'general',1,'2025-12-01 00:30:30'),(104,'2층 커뮤니티 라운지',104,'general',1,'2025-12-01 00:30:30'),(105,'2층 커뮤니티 라운지',105,'general',1,'2025-12-01 00:30:30'),(106,'2층 커뮤니티 라운지',106,'general',1,'2025-12-01 00:30:30'),(107,'2층 커뮤니티 라운지',107,'general',1,'2025-12-01 00:30:30'),(108,'2층 커뮤니티 라운지',108,'general',1,'2025-12-01 00:30:30'),(109,'2층 커뮤니티 라운지',109,'general',1,'2025-12-01 00:30:30'),(110,'2층 커뮤니티 라운지',110,'general',1,'2025-12-01 00:30:30'),(111,'2층 커뮤니티 라운지',111,'general',1,'2025-12-01 00:30:30'),(112,'2층 커뮤니티 라운지',112,'general',1,'2025-12-01 00:30:30'),(113,'2층 커뮤니티 라운지',113,'general',1,'2025-12-01 00:30:30'),(114,'2층 커뮤니티 라운지',114,'general',1,'2025-12-01 00:30:30'),(115,'2층 커뮤니티 라운지',115,'general',1,'2025-12-01 00:30:30'),(116,'2층 커뮤니티 라운지',116,'general',1,'2025-12-01 00:30:30'),(117,'2층 커뮤니티 라운지',117,'general',1,'2025-12-01 00:30:30'),(118,'2층 커뮤니티 라운지',118,'general',1,'2025-12-01 00:30:30'),(119,'2층 커뮤니티 라운지',119,'general',1,'2025-12-01 00:30:30'),(120,'2층 커뮤니티 라운지',120,'general',1,'2025-12-01 00:30:30'),(121,'2층 커뮤니티 라운지',121,'general',1,'2025-12-01 00:30:30'),(122,'2층 커뮤니티 라운지',122,'general',1,'2025-12-01 00:30:30'),(123,'2층 커뮤니티 라운지',123,'general',1,'2025-12-01 00:30:30'),(124,'2층 커뮤니티 라운지',124,'general',1,'2025-12-01 00:30:30'),(125,'2층 커뮤니티 라운지',125,'general',1,'2025-12-01 00:30:30'),(126,'2층 커뮤니티 라운지',126,'general',1,'2025-12-01 00:30:30'),(127,'2층 커뮤니티 라운지',127,'general',1,'2025-12-01 00:30:30'),(128,'2층 커뮤니티 라운지',128,'general',1,'2025-12-01 00:30:30'),(129,'2층 커뮤니티 라운지',129,'general',1,'2025-12-01 00:30:30'),(130,'2층 커뮤니티 라운지',130,'general',1,'2025-12-01 00:30:30'),(131,'2층 커뮤니티 라운지',131,'general',1,'2025-12-01 00:30:30'),(132,'2층 커뮤니티 라운지',132,'general',1,'2025-12-01 00:30:30'),(133,'2층 커뮤니티 라운지',133,'general',1,'2025-12-01 00:30:30'),(134,'2층 커뮤니티 라운지',134,'general',1,'2025-12-01 00:30:30'),(135,'2층 커뮤니티 라운지',135,'general',1,'2025-12-01 00:30:30'),(136,'2층 커뮤니티 라운지',136,'general',1,'2025-12-01 00:30:30'),(137,'2층 커뮤니티 라운지',137,'general',1,'2025-12-01 00:30:30'),(138,'2층 커뮤니티 라운지',138,'general',1,'2025-12-01 00:30:30'),(139,'2층 커뮤니티 라운지',139,'general',1,'2025-12-01 00:30:30'),(140,'2층 커뮤니티 라운지',140,'general',1,'2025-12-01 00:30:30'),(141,'2층 커뮤니티 라운지',141,'general',1,'2025-12-01 00:30:30'),(142,'2층 커뮤니티 라운지',142,'general',1,'2025-12-01 00:30:30'),(143,'2층 커뮤니티 라운지',143,'general',1,'2025-12-01 00:30:30'),(144,'2층 커뮤니티 라운지',144,'general',1,'2025-12-01 00:30:30'),(145,'2층 커뮤니티 라운지',145,'general',1,'2025-12-01 00:30:30'),(146,'2층 커뮤니티 라운지',146,'general',1,'2025-12-01 00:30:30'),(147,'2층 커뮤니티 라운지',147,'general',1,'2025-12-01 00:30:30'),(148,'2층 커뮤니티 라운지',148,'general',1,'2025-12-01 00:30:30'),(149,'2층 커뮤니티 라운지',149,'general',1,'2025-12-01 00:30:30'),(150,'2층 커뮤니티 라운지',150,'general',1,'2025-12-01 00:30:30'),(151,'2층 커뮤니티 라운지',151,'general',1,'2025-12-01 00:30:30'),(152,'2층 커뮤니티 라운지',152,'general',1,'2025-12-01 00:30:30'),(153,'2층 커뮤니티 라운지',153,'general',1,'2025-12-01 00:30:30'),(154,'2층 커뮤니티 라운지',154,'general',1,'2025-12-01 00:30:30'),(155,'2층 커뮤니티 라운지',155,'general',1,'2025-12-01 00:30:30'),(156,'2층 커뮤니티 라운지',156,'general',1,'2025-12-01 00:30:30'),(157,'2층 커뮤니티 라운지',157,'general',1,'2025-12-01 00:30:30'),(158,'2층 커뮤니티 라운지',158,'general',1,'2025-12-01 00:30:30'),(159,'2층 커뮤니티 라운지',159,'general',1,'2025-12-01 00:30:30'),(160,'2층 커뮤니티 라운지',160,'general',1,'2025-12-01 00:30:30'),(161,'2층 커뮤니티 라운지',161,'general',1,'2025-12-01 00:30:30'),(162,'2층 커뮤니티 라운지',162,'general',1,'2025-12-01 00:30:30'),(163,'2층 커뮤니티 라운지',163,'general',1,'2025-12-01 00:30:30'),(164,'2층 커뮤니티 라운지',164,'general',1,'2025-12-01 00:30:30'),(165,'2층 커뮤니티 라운지',165,'general',1,'2025-12-01 00:30:30'),(166,'2층 커뮤니티 라운지',166,'general',1,'2025-12-01 00:30:30'),(167,'2층 커뮤니티 라운지',167,'general',1,'2025-12-01 00:30:30'),(168,'2층 커뮤니티 라운지',168,'general',1,'2025-12-01 00:30:30'),(169,'2층 커뮤니티 라운지',169,'general',1,'2025-12-01 00:30:30'),(170,'2층 커뮤니티 라운지',170,'general',1,'2025-12-01 00:30:30'),(171,'2층 커뮤니티 라운지',171,'general',1,'2025-12-01 00:30:30'),(172,'2층 커뮤니티 라운지',172,'general',1,'2025-12-01 00:30:30'),(173,'2층 커뮤니티 라운지',173,'general',1,'2025-12-01 00:30:30'),(174,'2층 커뮤니티 라운지',174,'general',1,'2025-12-01 00:30:30'),(175,'2층 커뮤니티 라운지',175,'general',1,'2025-12-01 00:30:30'),(176,'2층 커뮤니티 라운지',176,'general',1,'2025-12-01 00:30:30'),(177,'2층 커뮤니티 라운지',177,'general',1,'2025-12-01 00:30:30'),(256,'3층 열람실',1,'general',1,'2025-12-01 00:30:30'),(257,'3층 열람실',2,'general',1,'2025-12-01 00:30:30'),(258,'3층 열람실',3,'general',1,'2025-12-01 00:30:30'),(259,'3층 열람실',4,'general',1,'2025-12-01 00:30:30'),(260,'3층 열람실',5,'general',1,'2025-12-01 00:30:30'),(261,'3층 열람실',6,'general',1,'2025-12-01 00:30:30'),(262,'3층 열람실',7,'general',1,'2025-12-01 00:30:30'),(263,'3층 열람실',8,'general',1,'2025-12-01 00:30:30'),(264,'3층 열람실',9,'general',1,'2025-12-01 00:30:30'),(265,'3층 열람실',10,'general',1,'2025-12-01 00:30:30'),(266,'3층 열람실',11,'general',1,'2025-12-01 00:30:30'),(267,'3층 열람실',12,'general',1,'2025-12-01 00:30:30'),(268,'3층 열람실',13,'general',1,'2025-12-01 00:30:30'),(269,'3층 열람실',14,'general',1,'2025-12-01 00:30:30'),(270,'3층 열람실',15,'general',1,'2025-12-01 00:30:30'),(271,'3층 열람실',16,'general',1,'2025-12-01 00:30:30'),(272,'3층 열람실',17,'general',1,'2025-12-01 00:30:30'),(273,'3층 열람실',18,'general',1,'2025-12-01 00:30:30'),(274,'3층 열람실',19,'general',1,'2025-12-01 00:30:30'),(275,'3층 열람실',20,'general',1,'2025-12-01 00:30:30'),(276,'3층 열람실',21,'general',1,'2025-12-01 00:30:30'),(277,'3층 열람실',22,'general',1,'2025-12-01 00:30:30'),(278,'3층 열람실',23,'general',1,'2025-12-01 00:30:30'),(279,'3층 열람실',24,'general',1,'2025-12-01 00:30:30'),(280,'3층 열람실',25,'general',1,'2025-12-01 00:30:30'),(281,'3층 열람실',26,'general',1,'2025-12-01 00:30:30'),(282,'3층 열람실',27,'general',1,'2025-12-01 00:30:30'),(283,'3층 열람실',28,'general',1,'2025-12-01 00:30:30'),(284,'3층 열람실',29,'general',1,'2025-12-01 00:30:30'),(285,'3층 열람실',30,'general',1,'2025-12-01 00:30:30'),(286,'3층 열람실',31,'general',1,'2025-12-01 00:30:30'),(287,'3층 열람실',32,'general',1,'2025-12-01 00:30:30'),(288,'3층 열람실',33,'general',1,'2025-12-01 00:30:30'),(289,'3층 열람실',34,'general',1,'2025-12-01 00:30:30'),(290,'3층 열람실',35,'general',1,'2025-12-01 00:30:30'),(291,'3층 열람실',36,'general',1,'2025-12-01 00:30:30'),(292,'3층 열람실',37,'general',1,'2025-12-01 00:30:30'),(293,'3층 열람실',38,'general',1,'2025-12-01 00:30:30'),(294,'3층 열람실',39,'general',1,'2025-12-01 00:30:30'),(295,'3층 열람실',40,'general',1,'2025-12-01 00:30:30'),(296,'3층 열람실',41,'general',1,'2025-12-01 00:30:30'),(297,'3층 열람실',42,'general',1,'2025-12-01 00:30:30'),(298,'3층 열람실',43,'general',1,'2025-12-01 00:30:30'),(299,'3층 열람실',44,'general',1,'2025-12-01 00:30:30'),(300,'3층 열람실',45,'general',1,'2025-12-01 00:30:30'),(301,'3층 열람실',46,'general',1,'2025-12-01 00:30:30'),(302,'3층 열람실',47,'general',1,'2025-12-01 00:30:30'),(303,'3층 열람실',48,'general',1,'2025-12-01 00:30:30'),(304,'3층 열람실',49,'general',1,'2025-12-01 00:30:30'),(305,'3층 열람실',50,'general',1,'2025-12-01 00:30:30'),(306,'3층 열람실',51,'general',1,'2025-12-01 00:30:30'),(307,'3층 열람실',52,'general',1,'2025-12-01 00:30:30'),(308,'3층 열람실',53,'general',1,'2025-12-01 00:30:30'),(309,'3층 열람실',54,'general',1,'2025-12-01 00:30:30'),(310,'3층 열람실',55,'general',1,'2025-12-01 00:30:30'),(311,'3층 열람실',56,'general',1,'2025-12-01 00:30:30'),(312,'3층 열람실',57,'general',1,'2025-12-01 00:30:30'),(313,'3층 열람실',58,'general',1,'2025-12-01 00:30:30'),(314,'3층 열람실',59,'general',1,'2025-12-01 00:30:30'),(315,'3층 열람실',60,'general',1,'2025-12-01 00:30:30'),(316,'3층 열람실',61,'general',1,'2025-12-01 00:30:30'),(317,'3층 열람실',62,'general',1,'2025-12-01 00:30:30'),(318,'3층 열람실',63,'general',1,'2025-12-01 00:30:30'),(319,'3층 열람실',64,'general',1,'2025-12-01 00:30:30'),(320,'3층 열람실',65,'general',1,'2025-12-01 00:30:30'),(321,'3층 열람실',66,'general',1,'2025-12-01 00:30:30'),(322,'3층 열람실',67,'general',1,'2025-12-01 00:30:30'),(323,'3층 열람실',68,'general',1,'2025-12-01 00:30:30'),(324,'3층 열람실',69,'general',1,'2025-12-01 00:30:30'),(325,'3층 열람실',70,'general',1,'2025-12-01 00:30:30'),(326,'3층 열람실',71,'general',1,'2025-12-01 00:30:30'),(327,'3층 열람실',72,'general',1,'2025-12-01 00:30:30'),(328,'3층 열람실',73,'general',1,'2025-12-01 00:30:30'),(329,'3층 열람실',74,'general',1,'2025-12-01 00:30:30'),(330,'3층 열람실',75,'general',1,'2025-12-01 00:30:30'),(331,'3층 열람실',76,'general',1,'2025-12-01 00:30:30'),(332,'3층 열람실',77,'general',1,'2025-12-01 00:30:30'),(333,'3층 열람실',78,'general',1,'2025-12-01 00:30:30'),(334,'3층 열람실',79,'general',1,'2025-12-01 00:30:30'),(335,'3층 열람실',80,'general',1,'2025-12-01 00:30:30'),(336,'3층 열람실',81,'general',1,'2025-12-01 00:30:30'),(337,'3층 열람실',82,'general',1,'2025-12-01 00:30:30'),(338,'3층 열람실',83,'general',1,'2025-12-01 00:30:30'),(339,'3층 열람실',84,'general',1,'2025-12-01 00:30:30'),(340,'3층 열람실',85,'general',1,'2025-12-01 00:30:30'),(341,'3층 열람실',86,'general',1,'2025-12-01 00:30:30'),(342,'3층 열람실',87,'general',1,'2025-12-01 00:30:30'),(343,'3층 열람실',88,'general',1,'2025-12-01 00:30:30'),(344,'3층 열람실',89,'general',1,'2025-12-01 00:30:30'),(345,'3층 열람실',90,'general',1,'2025-12-01 00:30:30'),(346,'3층 열람실',91,'general',1,'2025-12-01 00:30:30'),(347,'3층 열람실',92,'general',1,'2025-12-01 00:30:30'),(348,'3층 열람실',93,'general',1,'2025-12-01 00:30:30'),(349,'3층 열람실',94,'general',1,'2025-12-01 00:30:30'),(350,'3층 열람실',95,'general',1,'2025-12-01 00:30:30'),(351,'3층 열람실',96,'general',1,'2025-12-01 00:30:30'),(352,'3층 열람실',97,'general',1,'2025-12-01 00:30:30'),(353,'3층 열람실',98,'general',1,'2025-12-01 00:30:30'),(354,'3층 열람실',99,'general',1,'2025-12-01 00:30:30'),(355,'3층 열람실',100,'general',1,'2025-12-01 00:30:30'),(356,'3층 열람실',101,'general',1,'2025-12-01 00:30:30'),(357,'3층 열람실',102,'general',1,'2025-12-01 00:30:30'),(358,'3층 열람실',103,'general',1,'2025-12-01 00:30:30'),(359,'3층 열람실',104,'general',1,'2025-12-01 00:30:30'),(360,'3층 열람실',105,'general',1,'2025-12-01 00:30:30'),(361,'3층 열람실',106,'general',1,'2025-12-01 00:30:30'),(362,'3층 열람실',107,'general',1,'2025-12-01 00:30:30'),(363,'3층 열람실',108,'general',1,'2025-12-01 00:30:30'),(364,'3층 열람실',109,'general',1,'2025-12-01 00:30:30'),(365,'3층 열람실',110,'general',1,'2025-12-01 00:30:30'),(366,'3층 열람실',111,'general',1,'2025-12-01 00:30:30'),(367,'3층 열람실',112,'general',1,'2025-12-01 00:30:30'),(368,'3층 열람실',113,'general',1,'2025-12-01 00:30:30'),(369,'3층 열람실',114,'general',1,'2025-12-01 00:30:30'),(370,'3층 열람실',115,'general',1,'2025-12-01 00:30:30'),(371,'3층 열람실',116,'general',1,'2025-12-01 00:30:30'),(372,'3층 열람실',117,'general',1,'2025-12-01 00:30:30'),(373,'3층 열람실',118,'general',1,'2025-12-01 00:30:30'),(374,'3층 열람실',119,'general',1,'2025-12-01 00:30:30'),(375,'3층 열람실',120,'general',1,'2025-12-01 00:30:30'),(376,'3층 열람실',121,'general',1,'2025-12-01 00:30:30'),(377,'3층 열람실',122,'general',1,'2025-12-01 00:30:30'),(378,'3층 열람실',123,'general',1,'2025-12-01 00:30:30'),(379,'3층 열람실',124,'general',1,'2025-12-01 00:30:30'),(380,'3층 열람실',125,'general',1,'2025-12-01 00:30:30'),(381,'3층 열람실',126,'general',1,'2025-12-01 00:30:30'),(382,'3층 열람실',127,'general',1,'2025-12-01 00:30:30'),(383,'3층 열람실',128,'general',1,'2025-12-01 00:30:30'),(384,'3층 열람실',129,'general',1,'2025-12-01 00:30:30'),(385,'3층 열람실',130,'general',1,'2025-12-01 00:30:30'),(386,'3층 열람실',131,'general',1,'2025-12-01 00:30:30'),(387,'3층 열람실',132,'general',1,'2025-12-01 00:30:30'),(388,'3층 열람실',133,'general',1,'2025-12-01 00:30:30'),(389,'3층 열람실',134,'general',1,'2025-12-01 00:30:30'),(390,'3층 열람실',135,'general',1,'2025-12-01 00:30:30'),(391,'3층 열람실',136,'general',1,'2025-12-01 00:30:30'),(392,'3층 열람실',137,'general',1,'2025-12-01 00:30:30'),(393,'3층 열람실',138,'general',1,'2025-12-01 00:30:30'),(394,'3층 열람실',139,'general',1,'2025-12-01 00:30:30'),(395,'3층 열람실',140,'general',1,'2025-12-01 00:30:30'),(396,'3층 열람실',141,'general',1,'2025-12-01 00:30:30'),(397,'3층 열람실',142,'general',1,'2025-12-01 00:30:30'),(398,'3층 열람실',143,'general',1,'2025-12-01 00:30:30'),(399,'3층 열람실',144,'general',1,'2025-12-01 00:30:30'),(400,'3층 열람실',145,'general',1,'2025-12-01 00:30:30'),(401,'3층 열람실',146,'general',1,'2025-12-01 00:30:30'),(402,'3층 열람실',147,'general',1,'2025-12-01 00:30:30'),(403,'3층 열람실',148,'general',1,'2025-12-01 00:30:30'),(404,'3층 열람실',149,'general',1,'2025-12-01 00:30:30'),(405,'3층 열람실',150,'general',1,'2025-12-01 00:30:30'),(406,'3층 열람실',151,'general',1,'2025-12-01 00:30:30'),(407,'3층 열람실',152,'general',1,'2025-12-01 00:30:30'),(408,'3층 열람실',153,'general',1,'2025-12-01 00:30:30'),(409,'3층 열람실',154,'general',1,'2025-12-01 00:30:30'),(410,'3층 열람실',155,'general',1,'2025-12-01 00:30:30'),(411,'3층 열람실',156,'general',1,'2025-12-01 00:30:30'),(412,'3층 열람실',157,'general',1,'2025-12-01 00:30:30'),(413,'3층 열람실',158,'general',1,'2025-12-01 00:30:30'),(414,'3층 열람실',159,'general',1,'2025-12-01 00:30:30'),(415,'3층 열람실',160,'general',1,'2025-12-01 00:30:30'),(416,'3층 열람실',161,'general',1,'2025-12-01 00:30:30'),(417,'3층 열람실',162,'general',1,'2025-12-01 00:30:30'),(418,'3층 열람실',163,'general',1,'2025-12-01 00:30:30'),(419,'3층 열람실',164,'general',1,'2025-12-01 00:30:30'),(420,'3층 열람실',165,'general',1,'2025-12-01 00:30:30'),(421,'3층 열람실',166,'general',1,'2025-12-01 00:30:30'),(422,'3층 열람실',167,'general',1,'2025-12-01 00:30:30'),(423,'3층 열람실',168,'general',1,'2025-12-01 00:30:30'),(424,'3층 열람실',169,'general',1,'2025-12-01 00:30:30'),(425,'3층 열람실',170,'general',1,'2025-12-01 00:30:30'),(426,'3층 열람실',171,'general',1,'2025-12-01 00:30:30'),(427,'3층 열람실',172,'general',1,'2025-12-01 00:30:30'),(428,'3층 열람실',173,'general',1,'2025-12-01 00:30:30'),(429,'3층 열람실',174,'general',1,'2025-12-01 00:30:30'),(430,'3층 열람실',175,'general',1,'2025-12-01 00:30:30'),(431,'3층 열람실',176,'general',1,'2025-12-01 00:30:30'),(432,'3층 열람실',177,'general',1,'2025-12-01 00:30:30'),(433,'3층 열람실',178,'general',1,'2025-12-01 00:30:30'),(434,'3층 열람실',179,'general',1,'2025-12-01 00:30:30'),(435,'3층 열람실',180,'general',1,'2025-12-01 00:30:30'),(436,'3층 열람실',181,'general',1,'2025-12-01 00:30:30'),(437,'3층 열람실',182,'general',1,'2025-12-01 00:30:30'),(438,'3층 열람실',183,'general',1,'2025-12-01 00:30:30'),(439,'3층 열람실',184,'general',1,'2025-12-01 00:30:30'),(440,'3층 열람실',185,'general',1,'2025-12-01 00:30:30'),(441,'3층 열람실',186,'general',1,'2025-12-01 00:30:30'),(442,'3층 열람실',187,'general',1,'2025-12-01 00:30:30'),(443,'3층 열람실',188,'general',1,'2025-12-01 00:30:30'),(444,'3층 열람실',189,'general',1,'2025-12-01 00:30:30'),(445,'3층 열람실',190,'general',1,'2025-12-01 00:30:30'),(446,'3층 열람실',191,'general',1,'2025-12-01 00:30:30'),(447,'3층 열람실',192,'general',1,'2025-12-01 00:30:30'),(448,'3층 열람실',193,'general',1,'2025-12-01 00:30:30'),(449,'3층 열람실',194,'general',1,'2025-12-01 00:30:30'),(450,'3층 열람실',195,'general',1,'2025-12-01 00:30:30'),(451,'3층 열람실',196,'general',1,'2025-12-01 00:30:30'),(452,'3층 열람실',197,'general',1,'2025-12-01 00:30:30'),(453,'3층 열람실',198,'general',1,'2025-12-01 00:30:30'),(454,'3층 열람실',199,'general',1,'2025-12-01 00:30:30'),(455,'3층 열람실',200,'general',1,'2025-12-01 00:30:30'),(456,'3층 열람실',201,'general',1,'2025-12-01 00:30:30'),(457,'3층 열람실',202,'general',1,'2025-12-01 00:30:30'),(458,'3층 열람실',203,'general',1,'2025-12-01 00:30:30'),(459,'3층 열람실',204,'general',1,'2025-12-01 00:30:30'),(460,'3층 열람실',205,'general',1,'2025-12-01 00:30:30'),(461,'3층 열람실',206,'general',1,'2025-12-01 00:30:30'),(462,'3층 열람실',207,'general',1,'2025-12-01 00:30:30'),(463,'3층 열람실',208,'general',1,'2025-12-01 00:30:30'),(464,'3층 열람실',209,'general',1,'2025-12-01 00:30:30'),(465,'3층 열람실',210,'general',1,'2025-12-01 00:30:30'),(466,'3층 열람실',211,'general',1,'2025-12-01 00:30:30'),(467,'3층 열람실',212,'general',1,'2025-12-01 00:30:30'),(468,'3층 열람실',213,'general',1,'2025-12-01 00:30:30'),(469,'3층 열람실',214,'general',1,'2025-12-01 00:30:30'),(470,'3층 열람실',215,'general',1,'2025-12-01 00:30:30'),(471,'3층 열람실',216,'general',1,'2025-12-01 00:30:30'),(472,'3층 열람실',217,'general',1,'2025-12-01 00:30:30'),(473,'3층 열람실',218,'general',1,'2025-12-01 00:30:30'),(474,'3층 열람실',219,'general',1,'2025-12-01 00:30:30'),(475,'3층 열람실',220,'general',1,'2025-12-01 00:30:30'),(476,'3층 열람실',221,'general',1,'2025-12-01 00:30:30'),(477,'3층 열람실',222,'general',1,'2025-12-01 00:30:30'),(478,'3층 열람실',223,'general',1,'2025-12-01 00:30:30'),(479,'3층 열람실',224,'general',1,'2025-12-01 00:30:30'),(480,'3층 열람실',225,'general',1,'2025-12-01 00:30:30'),(481,'3층 열람실',226,'general',1,'2025-12-01 00:30:30'),(482,'3층 열람실',227,'general',1,'2025-12-01 00:30:30'),(483,'3층 열람실',228,'general',1,'2025-12-01 00:30:30'),(484,'3층 열람실',229,'general',1,'2025-12-01 00:30:30'),(485,'3층 열람실',230,'general',1,'2025-12-01 00:30:30'),(486,'3층 열람실',231,'general',1,'2025-12-01 00:30:30'),(487,'3층 열람실',232,'general',1,'2025-12-01 00:30:30'),(488,'3층 열람실',233,'general',1,'2025-12-01 00:30:30'),(489,'3층 열람실',234,'general',1,'2025-12-01 00:30:30'),(490,'3층 열람실',235,'general',1,'2025-12-01 00:30:30'),(491,'3층 열람실',236,'general',1,'2025-12-01 00:30:30'),(492,'3층 열람실',237,'general',1,'2025-12-01 00:30:30'),(493,'3층 열람실',238,'general',1,'2025-12-01 00:30:30'),(494,'3층 열람실',239,'general',1,'2025-12-01 00:30:30'),(495,'3층 열람실',240,'general',1,'2025-12-01 00:30:30'),(496,'3층 열람실',241,'general',1,'2025-12-01 00:30:30'),(497,'3층 열람실',242,'general',1,'2025-12-01 00:30:30'),(498,'3층 열람실',243,'general',1,'2025-12-01 00:30:30'),(499,'3층 열람실',244,'general',1,'2025-12-01 00:30:30'),(500,'3층 열람실',245,'general',1,'2025-12-01 00:30:30'),(501,'3층 열람실',246,'general',1,'2025-12-01 00:30:30'),(502,'3층 열람실',247,'general',1,'2025-12-01 00:30:30'),(503,'3층 열람실',248,'general',1,'2025-12-01 00:30:30'),(504,'3층 열람실',249,'general',1,'2025-12-01 00:30:30'),(511,'4층 스터디 라운지',1,'general',1,'2025-12-01 00:30:30'),(512,'4층 스터디 라운지',2,'general',1,'2025-12-01 00:30:30'),(513,'4층 스터디 라운지',3,'general',1,'2025-12-01 00:30:30'),(514,'4층 스터디 라운지',4,'general',1,'2025-12-01 00:30:30'),(515,'4층 스터디 라운지',5,'general',1,'2025-12-01 00:30:30'),(516,'4층 스터디 라운지',6,'general',1,'2025-12-01 00:30:30'),(517,'4층 스터디 라운지',7,'general',1,'2025-12-01 00:30:30'),(518,'4층 스터디 라운지',8,'general',1,'2025-12-01 00:30:30'),(519,'4층 스터디 라운지',9,'general',1,'2025-12-01 00:30:30'),(520,'4층 스터디 라운지',10,'general',1,'2025-12-01 00:30:30'),(521,'4층 스터디 라운지',11,'general',1,'2025-12-01 00:30:30'),(522,'4층 스터디 라운지',12,'general',1,'2025-12-01 00:30:30'),(523,'4층 스터디 라운지',13,'general',1,'2025-12-01 00:30:30'),(524,'4층 스터디 라운지',14,'general',1,'2025-12-01 00:30:30'),(525,'4층 스터디 라운지',15,'general',1,'2025-12-01 00:30:30'),(526,'4층 스터디 라운지',16,'general',1,'2025-12-01 00:30:30'),(527,'4층 스터디 라운지',17,'general',1,'2025-12-01 00:30:30'),(528,'4층 스터디 라운지',18,'general',1,'2025-12-01 00:30:30'),(529,'4층 스터디 라운지',19,'general',1,'2025-12-01 00:30:30'),(530,'4층 스터디 라운지',20,'general',1,'2025-12-01 00:30:30'),(531,'4층 스터디 라운지',21,'general',1,'2025-12-01 00:30:30'),(532,'4층 스터디 라운지',22,'general',1,'2025-12-01 00:30:30'),(533,'4층 스터디 라운지',23,'general',1,'2025-12-01 00:30:30'),(534,'4층 스터디 라운지',24,'general',1,'2025-12-01 00:30:30'),(535,'4층 스터디 라운지',25,'general',1,'2025-12-01 00:30:30'),(536,'4층 스터디 라운지',26,'general',1,'2025-12-01 00:30:30'),(537,'4층 스터디 라운지',27,'general',1,'2025-12-01 00:30:30'),(538,'4층 스터디 라운지',28,'general',1,'2025-12-01 00:30:30'),(539,'4층 스터디 라운지',29,'general',1,'2025-12-01 00:30:30'),(540,'4층 스터디 라운지',30,'general',1,'2025-12-01 00:30:30'),(541,'4층 스터디 라운지',31,'general',1,'2025-12-01 00:30:30'),(542,'4층 스터디 라운지',32,'general',1,'2025-12-01 00:30:30'),(543,'4층 스터디 라운지',33,'general',1,'2025-12-01 00:30:30'),(544,'4층 스터디 라운지',34,'general',1,'2025-12-01 00:30:30'),(545,'4층 스터디 라운지',35,'general',1,'2025-12-01 00:30:30'),(546,'4층 스터디 라운지',36,'general',1,'2025-12-01 00:30:30'),(547,'4층 스터디 라운지',37,'general',1,'2025-12-01 00:30:30'),(548,'4층 스터디 라운지',38,'general',1,'2025-12-01 00:30:30'),(549,'4층 스터디 라운지',39,'general',1,'2025-12-01 00:30:30'),(550,'4층 스터디 라운지',40,'general',1,'2025-12-01 00:30:30'),(551,'4층 스터디 라운지',41,'general',1,'2025-12-01 00:30:30'),(552,'4층 스터디 라운지',42,'general',1,'2025-12-01 00:30:30'),(553,'4층 스터디 라운지',43,'general',1,'2025-12-01 00:30:30'),(554,'4층 스터디 라운지',44,'general',1,'2025-12-01 00:30:30'),(555,'4층 스터디 라운지',45,'general',1,'2025-12-01 00:30:30'),(556,'4층 스터디 라운지',46,'general',1,'2025-12-01 00:30:30'),(557,'4층 스터디 라운지',47,'general',1,'2025-12-01 00:30:30'),(558,'4층 스터디 라운지',48,'general',1,'2025-12-01 00:30:30'),(559,'4층 스터디 라운지',49,'general',1,'2025-12-01 00:30:30'),(560,'4층 스터디 라운지',50,'general',1,'2025-12-01 00:30:30'),(561,'4층 스터디 라운지',51,'general',1,'2025-12-01 00:30:30'),(562,'4층 스터디 라운지',52,'general',1,'2025-12-01 00:30:30'),(563,'4층 스터디 라운지',53,'general',1,'2025-12-01 00:30:30'),(564,'4층 스터디 라운지',54,'general',1,'2025-12-01 00:30:30'),(565,'4층 스터디 라운지',55,'general',1,'2025-12-01 00:30:30'),(566,'4층 스터디 라운지',56,'general',1,'2025-12-01 00:30:30'),(567,'4층 스터디 라운지',57,'general',1,'2025-12-01 00:30:30'),(568,'4층 스터디 라운지',58,'general',1,'2025-12-01 00:30:30'),(569,'4층 스터디 라운지',59,'general',1,'2025-12-01 00:30:30'),(570,'4층 스터디 라운지',60,'general',1,'2025-12-01 00:30:30'),(571,'4층 스터디 라운지',61,'general',1,'2025-12-01 00:30:30'),(572,'4층 스터디 라운지',62,'general',1,'2025-12-01 00:30:30'),(573,'4층 스터디 라운지',63,'general',1,'2025-12-01 00:30:30'),(574,'4층 스터디 라운지',64,'general',1,'2025-12-01 00:30:30'),(575,'4층 스터디 라운지',65,'general',1,'2025-12-01 00:30:30'),(576,'4층 스터디 라운지',66,'general',1,'2025-12-01 00:30:30'),(577,'4층 스터디 라운지',67,'general',1,'2025-12-01 00:30:30'),(578,'4층 스터디 라운지',68,'general',1,'2025-12-01 00:30:30'),(579,'4층 스터디 라운지',69,'general',1,'2025-12-01 00:30:30'),(580,'4층 스터디 라운지',70,'general',1,'2025-12-01 00:30:30'),(581,'4층 스터디 라운지',71,'general',1,'2025-12-01 00:30:30'),(582,'4층 스터디 라운지',72,'general',1,'2025-12-01 00:30:30'),(583,'4층 스터디 라운지',73,'general',1,'2025-12-01 00:30:30'),(584,'4층 스터디 라운지',74,'general',1,'2025-12-01 00:30:30'),(585,'4층 스터디 라운지',75,'general',1,'2025-12-01 00:30:30'),(586,'4층 스터디 라운지',76,'general',1,'2025-12-01 00:30:30'),(587,'4층 스터디 라운지',77,'general',1,'2025-12-01 00:30:30'),(588,'4층 스터디 라운지',78,'general',1,'2025-12-01 00:30:30'),(589,'4층 스터디 라운지',79,'general',1,'2025-12-01 00:30:30'),(590,'4층 스터디 라운지',80,'general',1,'2025-12-01 00:30:30'),(591,'4층 스터디 라운지',81,'general',1,'2025-12-01 00:30:30'),(592,'4층 스터디 라운지',82,'general',1,'2025-12-01 00:30:30'),(593,'4층 스터디 라운지',83,'general',1,'2025-12-01 00:30:30'),(594,'4층 스터디 라운지',84,'general',1,'2025-12-01 00:30:30'),(595,'4층 스터디 라운지',85,'general',1,'2025-12-01 00:30:30'),(596,'4층 스터디 라운지',86,'general',1,'2025-12-01 00:30:30'),(597,'4층 스터디 라운지',87,'general',1,'2025-12-01 00:30:30'),(598,'4층 스터디 라운지',88,'general',1,'2025-12-01 00:30:30'),(599,'4층 스터디 라운지',89,'general',1,'2025-12-01 00:30:30'),(600,'4층 스터디 라운지',90,'general',1,'2025-12-01 00:30:30'),(601,'4층 스터디 라운지',91,'general',1,'2025-12-01 00:30:30'),(602,'4층 스터디 라운지',92,'general',1,'2025-12-01 00:30:30'),(603,'4층 스터디 라운지',93,'general',1,'2025-12-01 00:30:30'),(604,'4층 스터디 라운지',94,'general',1,'2025-12-01 00:30:30'),(605,'4층 스터디 라운지',95,'general',1,'2025-12-01 00:30:30'),(606,'4층 스터디 라운지',96,'general',1,'2025-12-01 00:30:30'),(607,'4층 스터디 라운지',97,'general',1,'2025-12-01 00:30:30'),(608,'4층 스터디 라운지',98,'general',1,'2025-12-01 00:30:30'),(609,'4층 스터디 라운지',99,'general',1,'2025-12-01 00:30:30'),(610,'4층 스터디 라운지',100,'general',1,'2025-12-01 00:30:30'),(611,'4층 스터디 라운지',101,'general',1,'2025-12-01 00:30:30'),(612,'4층 스터디 라운지',102,'general',1,'2025-12-01 00:30:30'),(613,'4층 스터디 라운지',103,'general',1,'2025-12-01 00:30:30'),(614,'4층 스터디 라운지',104,'general',1,'2025-12-01 00:30:30'),(615,'4층 스터디 라운지',105,'general',1,'2025-12-01 00:30:30'),(616,'4층 스터디 라운지',106,'general',1,'2025-12-01 00:30:30'),(617,'4층 스터디 라운지',107,'general',1,'2025-12-01 00:30:30'),(618,'4층 스터디 라운지',108,'general',1,'2025-12-01 00:30:30'),(619,'4층 스터디 라운지',109,'general',1,'2025-12-01 00:30:30'),(620,'4층 스터디 라운지',110,'general',1,'2025-12-01 00:30:30'),(621,'4층 스터디 라운지',111,'general',1,'2025-12-01 00:30:30'),(622,'4층 스터디 라운지',112,'general',1,'2025-12-01 00:30:30'),(623,'4층 스터디 라운지',113,'general',1,'2025-12-01 00:30:30'),(624,'4층 스터디 라운지',114,'general',1,'2025-12-01 00:30:30'),(625,'4층 스터디 라운지',115,'general',1,'2025-12-01 00:30:30'),(626,'4층 스터디 라운지',116,'general',1,'2025-12-01 00:30:30'),(627,'4층 스터디 라운지',117,'general',1,'2025-12-01 00:30:30'),(628,'4층 스터디 라운지',118,'general',1,'2025-12-01 00:30:30'),(629,'4층 스터디 라운지',119,'general',1,'2025-12-01 00:30:30'),(630,'4층 스터디 라운지',120,'general',1,'2025-12-01 00:30:30'),(631,'4층 스터디 라운지',121,'general',1,'2025-12-01 00:30:30'),(632,'4층 스터디 라운지',122,'general',1,'2025-12-01 00:30:30'),(633,'4층 스터디 라운지',123,'general',1,'2025-12-01 00:30:30'),(634,'4층 스터디 라운지',124,'general',1,'2025-12-01 00:30:30'),(635,'4층 스터디 라운지',125,'general',1,'2025-12-01 00:30:30'),(636,'4층 스터디 라운지',126,'general',1,'2025-12-01 00:30:30'),(637,'4층 스터디 라운지',127,'general',1,'2025-12-01 00:30:30'),(638,'4층 스터디 라운지',128,'general',1,'2025-12-01 00:30:30'),(639,'4층 스터디 라운지',129,'general',1,'2025-12-01 00:30:30'),(640,'4층 스터디 라운지',130,'general',1,'2025-12-01 00:30:30'),(641,'4층 스터디 라운지',131,'general',1,'2025-12-01 00:30:30'),(642,'4층 스터디 라운지',132,'general',1,'2025-12-01 00:30:30'),(643,'4층 스터디 라운지',133,'general',1,'2025-12-01 00:30:30'),(644,'4층 스터디 라운지',134,'general',1,'2025-12-01 00:30:30'),(645,'4층 스터디 라운지',135,'general',1,'2025-12-01 00:30:30'),(646,'4층 스터디 라운지',136,'general',1,'2025-12-01 00:30:30'),(647,'4층 스터디 라운지',137,'general',1,'2025-12-01 00:30:30'),(648,'4층 스터디 라운지',138,'general',1,'2025-12-01 00:30:30'),(649,'4층 스터디 라운지',139,'general',1,'2025-12-01 00:30:30'),(650,'4층 스터디 라운지',140,'general',1,'2025-12-01 00:30:30'),(651,'4층 스터디 라운지',141,'general',1,'2025-12-01 00:30:30'),(652,'4층 스터디 라운지',142,'general',1,'2025-12-01 00:30:30'),(653,'4층 스터디 라운지',143,'general',1,'2025-12-01 00:30:30'),(654,'4층 스터디 라운지',144,'general',1,'2025-12-01 00:30:30'),(655,'4층 스터디 라운지',145,'general',1,'2025-12-01 00:30:30'),(656,'4층 스터디 라운지',146,'general',1,'2025-12-01 00:30:30'),(657,'4층 스터디 라운지',147,'general',1,'2025-12-01 00:30:30'),(658,'4층 스터디 라운지',148,'general',1,'2025-12-01 00:30:30'),(659,'4층 스터디 라운지',149,'general',1,'2025-12-01 00:30:30'),(660,'4층 스터디 라운지',150,'general',1,'2025-12-01 00:30:30'),(661,'4층 스터디 라운지',151,'general',1,'2025-12-01 00:30:30'),(662,'4층 스터디 라운지',152,'general',1,'2025-12-01 00:30:30'),(663,'4층 스터디 라운지',153,'general',1,'2025-12-01 00:30:30'),(664,'4층 스터디 라운지',154,'general',1,'2025-12-01 00:30:30'),(665,'4층 스터디 라운지',155,'general',1,'2025-12-01 00:30:30'),(666,'4층 스터디 라운지',156,'general',1,'2025-12-01 00:30:30'),(667,'4층 스터디 라운지',157,'general',1,'2025-12-01 00:30:30'),(668,'4층 스터디 라운지',158,'general',1,'2025-12-01 00:30:30'),(669,'4층 스터디 라운지',159,'general',1,'2025-12-01 00:30:30'),(670,'4층 스터디 라운지',160,'general',1,'2025-12-01 00:30:30'),(671,'4층 스터디 라운지',161,'general',1,'2025-12-01 00:30:30'),(672,'4층 스터디 라운지',162,'general',1,'2025-12-01 00:30:30'),(673,'4층 스터디 라운지',163,'general',1,'2025-12-01 00:30:30'),(674,'4층 스터디 라운지',164,'general',1,'2025-12-01 00:30:30'),(675,'4층 스터디 라운지',165,'general',1,'2025-12-01 00:30:30'),(676,'4층 스터디 라운지',166,'general',1,'2025-12-01 00:30:30'),(677,'4층 스터디 라운지',167,'general',1,'2025-12-01 00:30:30'),(678,'4층 스터디 라운지',168,'general',1,'2025-12-01 00:30:30'),(679,'4층 스터디 라운지',169,'general',1,'2025-12-01 00:30:30'),(680,'4층 스터디 라운지',170,'general',1,'2025-12-01 00:30:30'),(681,'4층 스터디 라운지',171,'general',1,'2025-12-01 00:30:30'),(682,'4층 스터디 라운지',172,'general',1,'2025-12-01 00:30:30'),(683,'4층 스터디 라운지',173,'general',1,'2025-12-01 00:30:30'),(684,'4층 스터디 라운지',174,'general',1,'2025-12-01 00:30:30'),(685,'4층 스터디 라운지',175,'general',1,'2025-12-01 00:30:30'),(686,'4층 스터디 라운지',176,'general',1,'2025-12-01 00:30:30'),(687,'4층 스터디 라운지',177,'general',1,'2025-12-01 00:30:30'),(688,'4층 스터디 라운지',178,'general',1,'2025-12-01 00:30:30'),(689,'4층 스터디 라운지',179,'general',1,'2025-12-01 00:30:30'),(690,'4층 스터디 라운지',180,'general',1,'2025-12-01 00:30:30'),(691,'4층 스터디 라운지',181,'general',1,'2025-12-01 00:30:30'),(692,'4층 스터디 라운지',182,'general',1,'2025-12-01 00:30:30'),(693,'4층 스터디 라운지',183,'general',1,'2025-12-01 00:30:30'),(694,'4층 스터디 라운지',184,'general',1,'2025-12-01 00:30:30'),(695,'4층 스터디 라운지',185,'general',1,'2025-12-01 00:30:30'),(696,'4층 스터디 라운지',186,'general',1,'2025-12-01 00:30:30'),(697,'4층 스터디 라운지',187,'general',1,'2025-12-01 00:30:30'),(698,'4층 스터디 라운지',188,'general',1,'2025-12-01 00:30:30'),(699,'4층 스터디 라운지',189,'general',1,'2025-12-01 00:30:30'),(700,'4층 스터디 라운지',190,'general',1,'2025-12-01 00:30:30'),(701,'4층 스터디 라운지',191,'general',1,'2025-12-01 00:30:30'),(702,'4층 스터디 라운지',192,'general',1,'2025-12-01 00:30:30'),(703,'4층 스터디 라운지',193,'general',1,'2025-12-01 00:30:30'),(704,'4층 스터디 라운지',194,'general',1,'2025-12-01 00:30:30'),(705,'4층 스터디 라운지',195,'general',1,'2025-12-01 00:30:30'),(706,'4층 스터디 라운지',196,'general',1,'2025-12-01 00:30:30'),(707,'4층 스터디 라운지',197,'general',1,'2025-12-01 00:30:30'),(708,'4층 스터디 라운지',198,'general',1,'2025-12-01 00:30:30'),(709,'4층 스터디 라운지',199,'general',1,'2025-12-01 00:30:30'),(710,'4층 스터디 라운지',200,'general',1,'2025-12-01 00:30:30'),(711,'4층 스터디 라운지',201,'general',1,'2025-12-01 00:30:30'),(712,'4층 스터디 라운지',202,'general',1,'2025-12-01 00:30:30'),(713,'4층 스터디 라운지',203,'general',1,'2025-12-01 00:30:30'),(714,'4층 스터디 라운지',204,'general',1,'2025-12-01 00:30:30'),(715,'4층 스터디 라운지',205,'general',1,'2025-12-01 00:30:30'),(716,'4층 스터디 라운지',206,'general',1,'2025-12-01 00:30:30'),(717,'4층 스터디 라운지',207,'general',1,'2025-12-01 00:30:30'),(718,'4층 스터디 라운지',208,'general',1,'2025-12-01 00:30:30'),(719,'4층 스터디 라운지',209,'general',1,'2025-12-01 00:30:30'),(720,'4층 스터디 라운지',210,'general',1,'2025-12-01 00:30:30'),(721,'4층 스터디 라운지',211,'general',1,'2025-12-01 00:30:30'),(722,'4층 스터디 라운지',212,'general',1,'2025-12-01 00:30:30'),(723,'4층 스터디 라운지',213,'general',1,'2025-12-01 00:30:30'),(724,'4층 스터디 라운지',214,'general',1,'2025-12-01 00:30:30'),(725,'4층 스터디 라운지',215,'general',1,'2025-12-01 00:30:30'),(726,'4층 스터디 라운지',216,'general',1,'2025-12-01 00:30:30'),(727,'4층 스터디 라운지',217,'general',1,'2025-12-01 00:30:30'),(728,'4층 스터디 라운지',218,'general',1,'2025-12-01 00:30:30'),(729,'4층 스터디 라운지',219,'general',1,'2025-12-01 00:30:30'),(730,'4층 스터디 라운지',220,'general',1,'2025-12-01 00:30:30'),(731,'4층 스터디 라운지',221,'general',1,'2025-12-01 00:30:30'),(732,'4층 스터디 라운지',222,'general',1,'2025-12-01 00:30:30'),(733,'4층 스터디 라운지',223,'general',1,'2025-12-01 00:30:30'),(734,'4층 스터디 라운지',224,'general',1,'2025-12-01 00:30:30'),(735,'4층 스터디 라운지',225,'general',1,'2025-12-01 00:30:30'),(736,'4층 스터디 라운지',226,'general',1,'2025-12-01 00:30:30'),(737,'4층 스터디 라운지',227,'general',1,'2025-12-01 00:30:30'),(738,'4층 스터디 라운지',228,'general',1,'2025-12-01 00:30:30'),(739,'4층 스터디 라운지',229,'general',1,'2025-12-01 00:30:30'),(740,'4층 스터디 라운지',230,'general',1,'2025-12-01 00:30:30'),(741,'4층 스터디 라운지',231,'general',1,'2025-12-01 00:30:30'),(742,'4층 스터디 라운지',232,'general',1,'2025-12-01 00:30:30'),(743,'4층 스터디 라운지',233,'general',1,'2025-12-01 00:30:30'),(744,'4층 스터디 라운지',234,'general',1,'2025-12-01 00:30:30'),(745,'4층 스터디 라운지',235,'general',1,'2025-12-01 00:30:30'),(746,'4층 스터디 라운지',236,'general',1,'2025-12-01 00:30:30'),(747,'4층 스터디 라운지',237,'general',1,'2025-12-01 00:30:30'),(748,'4층 스터디 라운지',238,'general',1,'2025-12-01 00:30:30'),(749,'4층 스터디 라운지',239,'general',1,'2025-12-01 00:30:30'),(750,'4층 스터디 라운지',240,'general',1,'2025-12-01 00:30:30'),(751,'4층 스터디 라운지',241,'general',1,'2025-12-01 00:30:30'),(752,'4층 스터디 라운지',242,'general',1,'2025-12-01 00:30:30'),(753,'4층 스터디 라운지',243,'general',1,'2025-12-01 00:30:30'),(754,'4층 스터디 라운지',244,'general',1,'2025-12-01 00:30:30'),(755,'4층 스터디 라운지',245,'general',1,'2025-12-01 00:30:30'),(756,'4층 스터디 라운지',246,'general',1,'2025-12-01 00:30:30'),(757,'4층 스터디 라운지',247,'general',1,'2025-12-01 00:30:30'),(758,'4층 스터디 라운지',248,'general',1,'2025-12-01 00:30:30'),(759,'4층 스터디 라운지',249,'general',1,'2025-12-01 00:30:30'),(760,'4층 스터디 라운지',250,'general',1,'2025-12-01 00:30:30'),(761,'4층 스터디 라운지',251,'general',1,'2025-12-01 00:30:30'),(762,'4층 스터디 라운지',252,'general',1,'2025-12-01 00:30:30'),(763,'4층 스터디 라운지',253,'general',1,'2025-12-01 00:30:30'),(764,'4층 스터디 라운지',254,'general',1,'2025-12-01 00:30:30'),(765,'4층 스터디 라운지',255,'general',1,'2025-12-01 00:30:30'),(766,'4층 스터디 라운지',256,'general',1,'2025-12-01 00:30:30'),(767,'4층 스터디 라운지',257,'general',1,'2025-12-01 00:30:30'),(768,'4층 스터디 라운지',258,'general',1,'2025-12-01 00:30:30'),(769,'4층 스터디 라운지',259,'general',1,'2025-12-01 00:30:30'),(770,'4층 스터디 라운지',260,'general',1,'2025-12-01 00:30:30'),(771,'4층 스터디 라운지',261,'general',1,'2025-12-01 00:30:30'),(772,'4층 스터디 라운지',262,'general',1,'2025-12-01 00:30:30'),(773,'4층 스터디 라운지',263,'general',1,'2025-12-01 00:30:30'),(774,'4층 스터디 라운지',264,'general',1,'2025-12-01 00:30:30'),(775,'4층 스터디 라운지',265,'general',1,'2025-12-01 00:30:30'),(776,'4층 스터디 라운지',266,'general',1,'2025-12-01 00:30:30'),(777,'4층 스터디 라운지',267,'general',1,'2025-12-01 00:30:30'),(778,'4층 스터디 라운지',268,'general',1,'2025-12-01 00:30:30'),(779,'4층 스터디 라운지',269,'general',1,'2025-12-01 00:30:30'),(780,'4층 스터디 라운지',270,'general',1,'2025-12-01 00:30:30'),(781,'4층 스터디 라운지',271,'general',1,'2025-12-01 00:30:30'),(782,'4층 스터디 라운지',272,'general',1,'2025-12-01 00:30:30'),(783,'4층 스터디 라운지',273,'general',1,'2025-12-01 00:30:30'),(784,'4층 스터디 라운지',274,'general',1,'2025-12-01 00:30:30'),(785,'4층 스터디 라운지',275,'general',1,'2025-12-01 00:30:30'),(786,'4층 스터디 라운지',276,'general',1,'2025-12-01 00:30:30'),(787,'4층 스터디 라운지',277,'general',1,'2025-12-01 00:30:30'),(788,'4층 스터디 라운지',278,'general',1,'2025-12-01 00:30:30'),(789,'4층 스터디 라운지',279,'general',1,'2025-12-01 00:30:30'),(790,'4층 스터디 라운지',280,'general',1,'2025-12-01 00:30:30'),(1022,'멀티미디어실',1,'pc',1,'2025-12-01 00:30:30'),(1023,'멀티미디어실',2,'pc',1,'2025-12-01 00:30:30'),(1024,'멀티미디어실',3,'pc',1,'2025-12-01 00:30:30'),(1025,'멀티미디어실',4,'pc',1,'2025-12-01 00:30:30'),(1026,'멀티미디어실',5,'pc',1,'2025-12-01 00:30:30'),(1027,'멀티미디어실',6,'pc',1,'2025-12-01 00:30:30'),(1028,'멀티미디어실',7,'pc',1,'2025-12-01 00:30:30'),(1029,'멀티미디어실',8,'pc',1,'2025-12-01 00:30:30'),(1030,'멀티미디어실',9,'pc',1,'2025-12-01 00:30:30'),(1031,'멀티미디어실',10,'pc',1,'2025-12-01 00:30:30'),(1032,'멀티미디어실',11,'pc',1,'2025-12-01 00:30:30'),(1033,'멀티미디어실',12,'pc',1,'2025-12-01 00:30:30'),(1034,'멀티미디어실',13,'pc',1,'2025-12-01 00:30:30'),(1035,'멀티미디어실',14,'pc',1,'2025-12-01 00:30:30'),(1036,'멀티미디어실',15,'pc',1,'2025-12-01 00:30:30'),(1037,'멀티미디어실',16,'pc',1,'2025-12-01 00:30:30');
/*!40000 ALTER TABLE `seats` ENABLE KEYS */;
UNLOCK TABLES;

--
-- Final view structure for view `overdueloans`
--

/*!50001 DROP VIEW IF EXISTS `overdueloans`*/;
/*!50001 SET @saved_cs_client          = @@character_set_client */;
/*!50001 SET @saved_cs_results         = @@character_set_results */;
/*!50001 SET @saved_col_connection     = @@collation_connection */;
/*!50001 SET character_set_client      = utf8mb4 */;
/*!50001 SET character_set_results     = utf8mb4 */;
/*!50001 SET collation_connection      = utf8mb4_unicode_ci */;
/*!50001 CREATE ALGORITHM=UNDEFINED */
/*!50013 DEFINER=`root`@`localhost` SQL SECURITY DEFINER */
/*!50001 VIEW `overdueloans` AS select `l`.`loan_id` AS `loan_id`,`m`.`name` AS `member_name`,`m`.`student_id` AS `student_id`,`b`.`title` AS `book_title`,`l`.`loan_date` AS `loan_date`,`l`.`due_date` AS `due_date`,to_days(curdate()) - to_days(`l`.`due_date`) AS `days_overdue`,`l`.`fine_amount` AS `fine_amount` from ((`loans` `l` join `members` `m` on(`l`.`member_id` = `m`.`member_id`)) join `books` `b` on(`l`.`book_id` = `b`.`book_id`)) where `l`.`status` = 'overdue' or `l`.`status` = 'borrowed' and `l`.`due_date` < curdate() */;
/*!50001 SET character_set_client      = @saved_cs_client */;
/*!50001 SET character_set_results     = @saved_cs_results */;
/*!50001 SET collation_connection      = @saved_col_connection */;

--
-- Final view structure for view `popularbooks`
--

/*!50001 DROP VIEW IF EXISTS `popularbooks`*/;
/*!50001 SET @saved_cs_client          = @@character_set_client */;
/*!50001 SET @saved_cs_results         = @@character_set_results */;
/*!50001 SET @saved_col_connection     = @@collation_connection */;
/*!50001 SET character_set_client      = utf8mb4 */;
/*!50001 SET character_set_results     = utf8mb4 */;
/*!50001 SET collation_connection      = utf8mb4_unicode_ci */;
/*!50001 CREATE ALGORITHM=UNDEFINED */
/*!50013 DEFINER=`root`@`localhost` SQL SECURITY DEFINER */
/*!50001 VIEW `popularbooks` AS select `b`.`book_id` AS `book_id`,`b`.`title` AS `title`,`b`.`author` AS `author`,`b`.`category` AS `category`,count(`l`.`loan_id`) AS `loan_count`,avg(`r`.`rating`) AS `avg_rating` from ((`books` `b` left join `loans` `l` on(`b`.`book_id` = `l`.`book_id`)) left join `reviews` `r` on(`b`.`book_id` = `r`.`book_id`)) group by `b`.`book_id`,`b`.`title`,`b`.`author`,`b`.`category` order by count(`l`.`loan_id`) desc */;
/*!50001 SET character_set_client      = @saved_cs_client */;
/*!50001 SET character_set_results     = @saved_cs_results */;
/*!50001 SET collation_connection      = @saved_col_connection */;
/*!40103 SET TIME_ZONE=@OLD_TIME_ZONE */;

/*!40101 SET SQL_MODE=@OLD_SQL_MODE */;
/*!40014 SET FOREIGN_KEY_CHECKS=@OLD_FOREIGN_KEY_CHECKS */;
/*!40014 SET UNIQUE_CHECKS=@OLD_UNIQUE_CHECKS */;
/*!40101 SET CHARACTER_SET_CLIENT=@OLD_CHARACTER_SET_CLIENT */;
/*!40101 SET CHARACTER_SET_RESULTS=@OLD_CHARACTER_SET_RESULTS */;
/*!40101 SET COLLATION_CONNECTION=@OLD_COLLATION_CONNECTION */;
/*!40111 SET SQL_NOTES=@OLD_SQL_NOTES */;

-- Dump completed on 2025-12-05 11:54:46
